Grid Id,X coordinates,Y coordnates
1,398750,494490
2,398750,494500
3,398750,494510
4,398760,494480
5,398760,494490
6,398760,494500
7,398760,494510
8,398760,494520
9,398760,494530
10,398760,494540
11,398770,494470
12,398770,494480
13,398770,494490
14,398770,494500
15,398770,494510
16,398770,494520
17,398770,494530
18,398770,494540
19,398770,494550
20,398770,494560
21,398780,494470
22,398780,494480
23,398780,494490
24,398780,494500
25,398780,494510
26,398780,494520
27,398780,494530
28,398780,494540
29,398780,494550
30,398780,494560
31,398780,494570
32,398780,494580
33,398790,494460
34,398790,494470
35,398790,494480
36,398790,494490
37,398790,494500
38,398790,494510
39,398790,494520
40,398790,494530
41,398790,494540
42,398790,494550
43,398790,494560
44,398790,494570
45,398790,494580
46,398790,494590
47,398790,494600
48,398790,494610
49,398800,494460
50,398800,494470
51,398800,494480
52,398800,494490
53,398800,494500
54,398800,494510
55,398800,494520
56,398800,494530
57,398800,494540
58,398800,494550
59,398800,494560
60,398800,494570
61,398800,494580
62,398800,494590
63,398800,494600
64,398800,494610
65,398800,494620
66,398800,494630
67,398800,494640
68,398800,494650
69,398810,494450
70,398810,494460
71,398810,494470
72,398810,494480
73,398810,494490
74,398810,494500
75,398810,494510
76,398810,494520
77,398810,494530
78,398810,494540
79,398810,494550
80,398810,494560
81,398810,494570
82,398810,494580
83,398810,494590
84,398810,494600
85,398810,494610
86,398810,494620
87,398810,494630
88,398810,494640
89,398810,494650
90,398810,494660
91,398810,494670
92,398810,494680
93,398810,494690
94,398820,494450
95,398820,494460
96,398820,494470
97,398820,494480
98,398820,494490
99,398820,494500
100,398820,494510
101,398820,494520
102,398820,494530
103,398820,494540
104,398820,494550
105,398820,494560
106,398820,494570
107,398820,494580
108,398820,494590
109,398820,494600
110,398820,494610
111,398820,494620
112,398820,494630
113,398820,494640
114,398820,494650
115,398820,494660
116,398820,494670
117,398820,494680
118,398820,494690
119,398820,494700
120,398820,494710
121,398820,494720
122,398830,494440
123,398830,494450
124,398830,494460
125,398830,494470
126,398830,494480
127,398830,494490
128,398830,494500
129,398830,494510
130,398830,494520
131,398830,494530
132,398830,494540
133,398830,494550
134,398830,494560
135,398830,494570
136,398830,494580
137,398830,494590
138,398830,494600
139,398830,494610
140,398830,494620
141,398830,494630
142,398830,494640
143,398830,494650
144,398830,494660
145,398830,494670
146,398830,494680
147,398830,494690
148,398830,494700
149,398830,494710
150,398830,494720
151,398830,494730
152,398830,494740
153,398840,494440
154,398840,494450
155,398840,494460
156,398840,494470
157,398840,494480
158,398840,494490
159,398840,494500
160,398840,494510
161,398840,494520
162,398840,494530
163,398840,494540
164,398840,494550
165,398840,494560
166,398840,494570
167,398840,494580
168,398840,494590
169,398840,494600
170,398840,494610
171,398840,494620
172,398840,494630
173,398840,494640
174,398840,494650
175,398840,494660
176,398840,494670
177,398840,494680
178,398840,494690
179,398840,494700
180,398840,494710
181,398840,494720
182,398840,494730
183,398840,494740
184,398840,494750
185,398840,494760
186,398850,494430
187,398850,494440
188,398850,494450
189,398850,494460
190,398850,494470
191,398850,494480
192,398850,494490
193,398850,494500
194,398850,494510
195,398850,494520
196,398850,494530
197,398850,494540
198,398850,494550
199,398850,494560
200,398850,494570
201,398850,494580
202,398850,494590
203,398850,494600
204,398850,494610
205,398850,494620
206,398850,494630
207,398850,494640
208,398850,494650
209,398850,494660
210,398850,494670
211,398850,494680
212,398850,494690
213,398850,494700
214,398850,494710
215,398850,494720
216,398850,494730
217,398850,494740
218,398850,494750
219,398850,494760
220,398850,494770
221,398850,494780
222,398860,494420
223,398860,494430
224,398860,494440
225,398860,494450
226,398860,494460
227,398860,494470
228,398860,494480
229,398860,494490
230,398860,494500
231,398860,494510
232,398860,494520
233,398860,494530
234,398860,494540
235,398860,494550
236,398860,494560
237,398860,494570
238,398860,494580
239,398860,494590
240,398860,494600
241,398860,494610
242,398860,494620
243,398860,494630
244,398860,494640
245,398860,494650
246,398860,494660
247,398860,494670
248,398860,494680
249,398860,494690
250,398860,494700
251,398860,494710
252,398860,494720
253,398860,494730
254,398860,494740
255,398860,494750
256,398860,494760
257,398860,494770
258,398860,494780
259,398860,494790
260,398860,494800
261,398870,494420
262,398870,494430
263,398870,494440
264,398870,494450
265,398870,494460
266,398870,494470
267,398870,494480
268,398870,494490
269,398870,494500
270,398870,494510
271,398870,494520
272,398870,494530
273,398870,494540
274,398870,494550
275,398870,494560
276,398870,494570
277,398870,494580
278,398870,494590
279,398870,494600
280,398870,494610
281,398870,494620
282,398870,494630
283,398870,494640
284,398870,494650
285,398870,494660
286,398870,494670
287,398870,494680
288,398870,494690
289,398870,494700
290,398870,494710
291,398870,494720
292,398870,494730
293,398870,494740
294,398870,494750
295,398870,494760
296,398870,494770
297,398870,494780
298,398870,494790
299,398870,494800
300,398870,494810
301,398870,494820
302,398880,494410
303,398880,494420
304,398880,494430
305,398880,494440
306,398880,494450
307,398880,494460
308,398880,494470
309,398880,494480
310,398880,494490
311,398880,494500
312,398880,494510
313,398880,494520
314,398880,494530
315,398880,494540
316,398880,494550
317,398880,494560
318,398880,494570
319,398880,494580
320,398880,494590
321,398880,494600
322,398880,494610
323,398880,494620
324,398880,494630
325,398880,494640
326,398880,494650
327,398880,494660
328,398880,494670
329,398880,494680
330,398880,494690
331,398880,494700
332,398880,494710
333,398880,494720
334,398880,494730
335,398880,494740
336,398880,494750
337,398880,494760
338,398880,494770
339,398880,494780
340,398880,494790
341,398880,494800
342,398880,494810
343,398880,494820
344,398880,494830
345,398880,494840
346,398890,494410
347,398890,494420
348,398890,494430
349,398890,494440
350,398890,494450
351,398890,494460
352,398890,494470
353,398890,494480
354,398890,494490
355,398890,494500
356,398890,494510
357,398890,494520
358,398890,494530
359,398890,494540
360,398890,494550
361,398890,494560
362,398890,494570
363,398890,494580
364,398890,494590
365,398890,494600
366,398890,494610
367,398890,494620
368,398890,494630
369,398890,494640
370,398890,494650
371,398890,494660
372,398890,494670
373,398890,494680
374,398890,494690
375,398890,494700
376,398890,494710
377,398890,494720
378,398890,494730
379,398890,494740
380,398890,494750
381,398890,494760
382,398890,494770
383,398890,494780
384,398890,494790
385,398890,494800
386,398890,494810
387,398890,494820
388,398890,494830
389,398890,494840
390,398890,494850
391,398890,494860
392,398900,494400
393,398900,494410
394,398900,494420
395,398900,494430
396,398900,494440
397,398900,494450
398,398900,494460
399,398900,494470
400,398900,494480
401,398900,494490
402,398900,494500
403,398900,494510
404,398900,494520
405,398900,494530
406,398900,494540
407,398900,494550
408,398900,494560
409,398900,494570
410,398900,494580
411,398900,494590
412,398900,494600
413,398900,494610
414,398900,494620
415,398900,494630
416,398900,494640
417,398900,494650
418,398900,494660
419,398900,494670
420,398900,494680
421,398900,494690
422,398900,494700
423,398900,494710
424,398900,494720
425,398900,494730
426,398900,494740
427,398900,494750
428,398900,494760
429,398900,494770
430,398900,494780
431,398900,494790
432,398900,494800
433,398900,494810
434,398900,494820
435,398900,494830
436,398900,494840
437,398900,494850
438,398900,494860
439,398900,494870
440,398910,494400
441,398910,494410
442,398910,494420
443,398910,494430
444,398910,494440
445,398910,494450
446,398910,494460
447,398910,494470
448,398910,494480
449,398910,494490
450,398910,494500
451,398910,494510
452,398910,494520
453,398910,494530
454,398910,494540
455,398910,494550
456,398910,494560
457,398910,494570
458,398910,494580
459,398910,494590
460,398910,494600
461,398910,494610
462,398910,494620
463,398910,494630
464,398910,494640
465,398910,494650
466,398910,494660
467,398910,494670
468,398910,494680
469,398910,494690
470,398910,494700
471,398910,494710
472,398910,494720
473,398910,494730
474,398910,494740
475,398910,494750
476,398910,494760
477,398910,494770
478,398910,494780
479,398910,494790
480,398910,494800
481,398910,494810
482,398910,494820
483,398910,494830
484,398910,494840
485,398910,494850
486,398910,494860
487,398910,494870
488,398910,494880
489,398910,494890
490,398920,494390
491,398920,494400
492,398920,494410
493,398920,494420
494,398920,494430
495,398920,494440
496,398920,494450
497,398920,494460
498,398920,494470
499,398920,494480
500,398920,494490
501,398920,494500
502,398920,494510
503,398920,494520
504,398920,494530
505,398920,494540
506,398920,494550
507,398920,494560
508,398920,494570
509,398920,494580
510,398920,494590
511,398920,494600
512,398920,494610
513,398920,494620
514,398920,494630
515,398920,494640
516,398920,494650
517,398920,494660
518,398920,494670
519,398920,494680
520,398920,494690
521,398920,494700
522,398920,494710
523,398920,494720
524,398920,494730
525,398920,494740
526,398920,494750
527,398920,494760
528,398920,494770
529,398920,494780
530,398920,494790
531,398920,494800
532,398920,494810
533,398920,494820
534,398920,494830
535,398920,494840
536,398920,494850
537,398920,494860
538,398920,494870
539,398920,494880
540,398920,494890
541,398920,494900
542,398930,494380
543,398930,494390
544,398930,494400
545,398930,494410
546,398930,494420
547,398930,494430
548,398930,494440
549,398930,494450
550,398930,494460
551,398930,494470
552,398930,494480
553,398930,494490
554,398930,494500
555,398930,494510
556,398930,494520
557,398930,494530
558,398930,494540
559,398930,494550
560,398930,494560
561,398930,494570
562,398930,494580
563,398930,494590
564,398930,494600
565,398930,494610
566,398930,494620
567,398930,494630
568,398930,494640
569,398930,494650
570,398930,494660
571,398930,494670
572,398930,494680
573,398930,494690
574,398930,494700
575,398930,494710
576,398930,494720
577,398930,494730
578,398930,494740
579,398930,494750
580,398930,494760
581,398930,494770
582,398930,494780
583,398930,494790
584,398930,494800
585,398930,494810
586,398930,494820
587,398930,494830
588,398930,494840
589,398930,494850
590,398930,494860
591,398930,494870
592,398930,494880
593,398930,494890
594,398930,494900
595,398930,494910
596,398940,494380
597,398940,494390
598,398940,494400
599,398940,494410
600,398940,494420
601,398940,494430
602,398940,494440
603,398940,494450
604,398940,494460
605,398940,494470
606,398940,494480
607,398940,494490
608,398940,494500
609,398940,494510
610,398940,494520
611,398940,494530
612,398940,494540
613,398940,494550
614,398940,494560
615,398940,494570
616,398940,494580
617,398940,494590
618,398940,494600
619,398940,494610
620,398940,494620
621,398940,494630
622,398940,494640
623,398940,494650
624,398940,494660
625,398940,494670
626,398940,494680
627,398940,494690
628,398940,494700
629,398940,494710
630,398940,494720
631,398940,494730
632,398940,494740
633,398940,494750
634,398940,494760
635,398940,494770
636,398940,494780
637,398940,494790
638,398940,494800
639,398940,494810
640,398940,494820
641,398940,494830
642,398940,494840
643,398940,494850
644,398940,494860
645,398940,494870
646,398940,494880
647,398940,494890
648,398940,494900
649,398940,494910
650,398940,494920
651,398940,494930
652,398950,494370
653,398950,494380
654,398950,494390
655,398950,494400
656,398950,494410
657,398950,494420
658,398950,494430
659,398950,494440
660,398950,494450
661,398950,494460
662,398950,494470
663,398950,494480
664,398950,494490
665,398950,494500
666,398950,494510
667,398950,494520
668,398950,494530
669,398950,494540
670,398950,494550
671,398950,494560
672,398950,494570
673,398950,494580
674,398950,494590
675,398950,494600
676,398950,494610
677,398950,494620
678,398950,494630
679,398950,494640
680,398950,494650
681,398950,494660
682,398950,494670
683,398950,494680
684,398950,494690
685,398950,494700
686,398950,494710
687,398950,494720
688,398950,494730
689,398950,494740
690,398950,494750
691,398950,494760
692,398950,494770
693,398950,494780
694,398950,494790
695,398950,494800
696,398950,494810
697,398950,494820
698,398950,494830
699,398950,494840
700,398950,494850
701,398950,494860
702,398950,494870
703,398950,494880
704,398950,494890
705,398950,494900
706,398950,494910
707,398950,494920
708,398950,494930
709,398950,494940
710,398950,494950
711,398960,494370
712,398960,494380
713,398960,494390
714,398960,494400
715,398960,494410
716,398960,494420
717,398960,494430
718,398960,494440
719,398960,494450
720,398960,494460
721,398960,494470
722,398960,494480
723,398960,494490
724,398960,494500
725,398960,494510
726,398960,494520
727,398960,494530
728,398960,494540
729,398960,494550
730,398960,494560
731,398960,494570
732,398960,494580
733,398960,494590
734,398960,494600
735,398960,494610
736,398960,494620
737,398960,494630
738,398960,494640
739,398960,494650
740,398960,494660
741,398960,494670
742,398960,494680
743,398960,494690
744,398960,494700
745,398960,494710
746,398960,494720
747,398960,494730
748,398960,494740
749,398960,494750
750,398960,494760
751,398960,494770
752,398960,494780
753,398960,494790
754,398960,494800
755,398960,494810
756,398960,494820
757,398960,494830
758,398960,494840
759,398960,494850
760,398960,494860
761,398960,494870
762,398960,494880
763,398960,494890
764,398960,494900
765,398960,494910
766,398960,494920
767,398960,494930
768,398960,494940
769,398960,494950
770,398960,494960
771,398970,494360
772,398970,494370
773,398970,494380
774,398970,494390
775,398970,494400
776,398970,494410
777,398970,494420
778,398970,494430
779,398970,494440
780,398970,494450
781,398970,494460
782,398970,494470
783,398970,494480
784,398970,494490
785,398970,494500
786,398970,494510
787,398970,494520
788,398970,494530
789,398970,494540
790,398970,494550
791,398970,494560
792,398970,494570
793,398970,494580
794,398970,494590
795,398970,494600
796,398970,494610
797,398970,494620
798,398970,494630
799,398970,494640
800,398970,494650
801,398970,494660
802,398970,494670
803,398970,494680
804,398970,494690
805,398970,494700
806,398970,494710
807,398970,494720
808,398970,494730
809,398970,494740
810,398970,494750
811,398970,494760
812,398970,494770
813,398970,494780
814,398970,494790
815,398970,494800
816,398970,494810
817,398970,494820
818,398970,494830
819,398970,494840
820,398970,494850
821,398970,494860
822,398970,494870
823,398970,494880
824,398970,494890
825,398970,494900
826,398970,494910
827,398970,494920
828,398970,494930
829,398970,494940
830,398970,494950
831,398970,494960
832,398970,494970
833,398980,494360
834,398980,494370
835,398980,494380
836,398980,494390
837,398980,494400
838,398980,494410
839,398980,494420
840,398980,494430
841,398980,494440
842,398980,494450
843,398980,494460
844,398980,494470
845,398980,494480
846,398980,494490
847,398980,494500
848,398980,494510
849,398980,494520
850,398980,494530
851,398980,494540
852,398980,494550
853,398980,494560
854,398980,494570
855,398980,494580
856,398980,494590
857,398980,494600
858,398980,494610
859,398980,494620
860,398980,494630
861,398980,494640
862,398980,494650
863,398980,494660
864,398980,494670
865,398980,494680
866,398980,494690
867,398980,494700
868,398980,494710
869,398980,494720
870,398980,494730
871,398980,494740
872,398980,494750
873,398980,494760
874,398980,494770
875,398980,494780
876,398980,494790
877,398980,494800
878,398980,494810
879,398980,494820
880,398980,494830
881,398980,494840
882,398980,494850
883,398980,494860
884,398980,494870
885,398980,494880
886,398980,494890
887,398980,494900
888,398980,494910
889,398980,494920
890,398980,494930
891,398980,494940
892,398980,494950
893,398980,494960
894,398980,494970
895,398980,494980
896,398990,494350
897,398990,494360
898,398990,494370
899,398990,494380
900,398990,494390
901,398990,494400
902,398990,494410
903,398990,494420
904,398990,494430
905,398990,494440
906,398990,494450
907,398990,494460
908,398990,494470
909,398990,494480
910,398990,494490
911,398990,494500
912,398990,494510
913,398990,494520
914,398990,494530
915,398990,494540
916,398990,494550
917,398990,494560
918,398990,494570
919,398990,494580
920,398990,494590
921,398990,494600
922,398990,494610
923,398990,494620
924,398990,494630
925,398990,494640
926,398990,494650
927,398990,494660
928,398990,494670
929,398990,494680
930,398990,494690
931,398990,494700
932,398990,494710
933,398990,494720
934,398990,494730
935,398990,494740
936,398990,494750
937,398990,494760
938,398990,494770
939,398990,494780
940,398990,494790
941,398990,494800
942,398990,494810
943,398990,494820
944,398990,494830
945,398990,494840
946,398990,494850
947,398990,494860
948,398990,494870
949,398990,494880
950,398990,494890
951,398990,494900
952,398990,494910
953,398990,494920
954,398990,494930
955,398990,494940
956,398990,494950
957,398990,494960
958,398990,494970
959,399000,494340
960,399000,494350
961,399000,494360
962,399000,494370
963,399000,494380
964,399000,494390
965,399000,494400
966,399000,494410
967,399000,494420
968,399000,494430
969,399000,494440
970,399000,494450
971,399000,494460
972,399000,494470
973,399000,494480
974,399000,494490
975,399000,494500
976,399000,494510
977,399000,494520
978,399000,494530
979,399000,494540
980,399000,494550
981,399000,494560
982,399000,494570
983,399000,494580
984,399000,494590
985,399000,494600
986,399000,494610
987,399000,494620
988,399000,494630
989,399000,494640
990,399000,494650
991,399000,494660
992,399000,494670
993,399000,494680
994,399000,494690
995,399000,494700
996,399000,494710
997,399000,494720
998,399000,494730
999,399000,494740
1000,399000,494750
1001,399000,494760
1002,399000,494770
1003,399000,494780
1004,399000,494790
1005,399000,494800
1006,399000,494810
1007,399000,494820
1008,399000,494830
1009,399000,494840
1010,399000,494850
1011,399000,494860
1012,399000,494870
1013,399000,494880
1014,399000,494890
1015,399000,494900
1016,399000,494910
1017,399000,494920
1018,399000,494930
1019,399000,494940
1020,399000,494950
1021,399000,494960
1022,399000,494970
1023,399010,494340
1024,399010,494350
1025,399010,494360
1026,399010,494370
1027,399010,494380
1028,399010,494390
1029,399010,494400
1030,399010,494410
1031,399010,494420
1032,399010,494430
1033,399010,494440
1034,399010,494450
1035,399010,494460
1036,399010,494470
1037,399010,494480
1038,399010,494490
1039,399010,494500
1040,399010,494510
1041,399010,494520
1042,399010,494530
1043,399010,494540
1044,399010,494550
1045,399010,494560
1046,399010,494570
1047,399010,494580
1048,399010,494590
1049,399010,494600
1050,399010,494610
1051,399010,494620
1052,399010,494630
1053,399010,494640
1054,399010,494650
1055,399010,494660
1056,399010,494670
1057,399010,494680
1058,399010,494690
1059,399010,494700
1060,399010,494710
1061,399010,494720
1062,399010,494730
1063,399010,494740
1064,399010,494750
1065,399010,494760
1066,399010,494770
1067,399010,494780
1068,399010,494790
1069,399010,494800
1070,399010,494810
1071,399010,494820
1072,399010,494830
1073,399010,494840
1074,399010,494850
1075,399010,494860
1076,399010,494870
1077,399010,494880
1078,399010,494890
1079,399010,494900
1080,399010,494910
1081,399010,494920
1082,399010,494930
1083,399010,494940
1084,399010,494950
1085,399010,494960
1086,399020,494330
1087,399020,494340
1088,399020,494350
1089,399020,494360
1090,399020,494370
1091,399020,494380
1092,399020,494390
1093,399020,494400
1094,399020,494410
1095,399020,494420
1096,399020,494430
1097,399020,494440
1098,399020,494450
1099,399020,494460
1100,399020,494470
1101,399020,494480
1102,399020,494490
1103,399020,494500
1104,399020,494510
1105,399020,494520
1106,399020,494530
1107,399020,494540
1108,399020,494550
1109,399020,494560
1110,399020,494570
1111,399020,494580
1112,399020,494590
1113,399020,494600
1114,399020,494610
1115,399020,494620
1116,399020,494630
1117,399020,494640
1118,399020,494650
1119,399020,494660
1120,399020,494670
1121,399020,494680
1122,399020,494690
1123,399020,494700
1124,399020,494710
1125,399020,494720
1126,399020,494730
1127,399020,494740
1128,399020,494750
1129,399020,494760
1130,399020,494770
1131,399020,494780
1132,399020,494790
1133,399020,494800
1134,399020,494810
1135,399020,494820
1136,399020,494830
1137,399020,494840
1138,399020,494850
1139,399020,494860
1140,399020,494870
1141,399020,494880
1142,399020,494890
1143,399020,494900
1144,399020,494910
1145,399020,494920
1146,399020,494930
1147,399020,494940
1148,399020,494950
1149,399020,494960
1150,399030,494330
1151,399030,494340
1152,399030,494350
1153,399030,494360
1154,399030,494370
1155,399030,494380
1156,399030,494390
1157,399030,494400
1158,399030,494410
1159,399030,494420
1160,399030,494430
1161,399030,494440
1162,399030,494450
1163,399030,494460
1164,399030,494470
1165,399030,494480
1166,399030,494490
1167,399030,494500
1168,399030,494510
1169,399030,494520
1170,399030,494530
1171,399030,494540
1172,399030,494550
1173,399030,494560
1174,399030,494570
1175,399030,494580
1176,399030,494590
1177,399030,494600
1178,399030,494610
1179,399030,494620
1180,399030,494630
1181,399030,494640
1182,399030,494650
1183,399030,494660
1184,399030,494670
1185,399030,494680
1186,399030,494690
1187,399030,494700
1188,399030,494710
1189,399030,494720
1190,399030,494730
1191,399030,494740
1192,399030,494750
1193,399030,494760
1194,399030,494770
1195,399030,494780
1196,399030,494790
1197,399030,494800
1198,399030,494810
1199,399030,494820
1200,399030,494830
1201,399030,494840
1202,399030,494850
1203,399030,494860
1204,399030,494870
1205,399030,494880
1206,399030,494890
1207,399030,494900
1208,399030,494910
1209,399030,494920
1210,399030,494930
1211,399030,494940
1212,399030,494950
1213,399030,494960
1214,399040,494320
1215,399040,494330
1216,399040,494340
1217,399040,494350
1218,399040,494360
1219,399040,494370
1220,399040,494380
1221,399040,494390
1222,399040,494400
1223,399040,494410
1224,399040,494420
1225,399040,494430
1226,399040,494440
1227,399040,494450
1228,399040,494460
1229,399040,494470
1230,399040,494480
1231,399040,494490
1232,399040,494500
1233,399040,494510
1234,399040,494520
1235,399040,494530
1236,399040,494540
1237,399040,494550
1238,399040,494560
1239,399040,494570
1240,399040,494580
1241,399040,494590
1242,399040,494600
1243,399040,494610
1244,399040,494620
1245,399040,494630
1246,399040,494640
1247,399040,494650
1248,399040,494660
1249,399040,494670
1250,399040,494680
1251,399040,494690
1252,399040,494700
1253,399040,494710
1254,399040,494720
1255,399040,494730
1256,399040,494740
1257,399040,494750
1258,399040,494760
1259,399040,494770
1260,399040,494780
1261,399040,494790
1262,399040,494800
1263,399040,494810
1264,399040,494820
1265,399040,494830
1266,399040,494840
1267,399040,494850
1268,399040,494860
1269,399040,494870
1270,399040,494880
1271,399040,494890
1272,399040,494900
1273,399040,494910
1274,399040,494920
1275,399040,494930
1276,399040,494940
1277,399040,494950
1278,399050,494320
1279,399050,494330
1280,399050,494340
1281,399050,494350
1282,399050,494360
1283,399050,494370
1284,399050,494380
1285,399050,494390
1286,399050,494400
1287,399050,494410
1288,399050,494420
1289,399050,494430
1290,399050,494440
1291,399050,494450
1292,399050,494460
1293,399050,494470
1294,399050,494480
1295,399050,494490
1296,399050,494500
1297,399050,494510
1298,399050,494520
1299,399050,494530
1300,399050,494540
1301,399050,494550
1302,399050,494560
1303,399050,494570
1304,399050,494580
1305,399050,494590
1306,399050,494600
1307,399050,494610
1308,399050,494620
1309,399050,494630
1310,399050,494640
1311,399050,494650
1312,399050,494660
1313,399050,494670
1314,399050,494680
1315,399050,494690
1316,399050,494700
1317,399050,494710
1318,399050,494720
1319,399050,494730
1320,399050,494740
1321,399050,494750
1322,399050,494760
1323,399050,494770
1324,399050,494780
1325,399050,494790
1326,399050,494800
1327,399050,494810
1328,399050,494820
1329,399050,494830
1330,399050,494840
1331,399050,494850
1332,399050,494860
1333,399050,494870
1334,399050,494880
1335,399050,494890
1336,399050,494900
1337,399050,494910
1338,399050,494920
1339,399050,494930
1340,399050,494940
1341,399060,494310
1342,399060,494320
1343,399060,494330
1344,399060,494340
1345,399060,494350
1346,399060,494360
1347,399060,494370
1348,399060,494380
1349,399060,494390
1350,399060,494400
1351,399060,494410
1352,399060,494420
1353,399060,494430
1354,399060,494440
1355,399060,494450
1356,399060,494460
1357,399060,494470
1358,399060,494480
1359,399060,494490
1360,399060,494500
1361,399060,494510
1362,399060,494520
1363,399060,494530
1364,399060,494540
1365,399060,494550
1366,399060,494560
1367,399060,494570
1368,399060,494580
1369,399060,494590
1370,399060,494600
1371,399060,494610
1372,399060,494620
1373,399060,494630
1374,399060,494640
1375,399060,494650
1376,399060,494660
1377,399060,494670
1378,399060,494680
1379,399060,494690
1380,399060,494700
1381,399060,494710
1382,399060,494720
1383,399060,494730
1384,399060,494740
1385,399060,494750
1386,399060,494760
1387,399060,494770
1388,399060,494780
1389,399060,494790
1390,399060,494800
1391,399060,494810
1392,399060,494820
1393,399060,494830
1394,399060,494840
1395,399060,494850
1396,399060,494860
1397,399060,494870
1398,399060,494880
1399,399060,494890
1400,399060,494900
1401,399060,494910
1402,399060,494920
1403,399060,494930
1404,399070,494310
1405,399070,494320
1406,399070,494330
1407,399070,494340
1408,399070,494350
1409,399070,494360
1410,399070,494370
1411,399070,494380
1412,399070,494390
1413,399070,494400
1414,399070,494410
1415,399070,494420
1416,399070,494430
1417,399070,494440
1418,399070,494450
1419,399070,494460
1420,399070,494470
1421,399070,494480
1422,399070,494490
1423,399070,494500
1424,399070,494510
1425,399070,494520
1426,399070,494530
1427,399070,494540
1428,399070,494550
1429,399070,494560
1430,399070,494570
1431,399070,494580
1432,399070,494590
1433,399070,494600
1434,399070,494610
1435,399070,494620
1436,399070,494630
1437,399070,494640
1438,399070,494650
1439,399070,494660
1440,399070,494670
1441,399070,494680
1442,399070,494690
1443,399070,494700
1444,399070,494710
1445,399070,494720
1446,399070,494730
1447,399070,494740
1448,399070,494750
1449,399070,494760
1450,399070,494770
1451,399070,494780
1452,399070,494790
1453,399070,494800
1454,399070,494810
1455,399070,494820
1456,399070,494830
1457,399070,494840
1458,399070,494850
1459,399070,494860
1460,399070,494870
1461,399070,494880
1462,399070,494890
1463,399070,494900
1464,399070,494910
1465,399070,494920
1466,399080,494300
1467,399080,494310
1468,399080,494320
1469,399080,494330
1470,399080,494340
1471,399080,494350
1472,399080,494360
1473,399080,494370
1474,399080,494380
1475,399080,494390
1476,399080,494400
1477,399080,494410
1478,399080,494420
1479,399080,494430
1480,399080,494440
1481,399080,494450
1482,399080,494460
1483,399080,494470
1484,399080,494480
1485,399080,494490
1486,399080,494500
1487,399080,494510
1488,399080,494520
1489,399080,494530
1490,399080,494540
1491,399080,494550
1492,399080,494560
1493,399080,494570
1494,399080,494580
1495,399080,494590
1496,399080,494600
1497,399080,494610
1498,399080,494620
1499,399080,494630
1500,399080,494640
1501,399080,494650
1502,399080,494660
1503,399080,494670
1504,399080,494680
1505,399080,494690
1506,399080,494700
1507,399080,494710
1508,399080,494720
1509,399080,494730
1510,399080,494740
1511,399080,494750
1512,399080,494760
1513,399080,494770
1514,399080,494780
1515,399080,494790
1516,399080,494800
1517,399080,494810
1518,399080,494820
1519,399080,494830
1520,399080,494840
1521,399080,494850
1522,399080,494860
1523,399080,494870
1524,399080,494880
1525,399080,494890
1526,399080,494900
1527,399080,494910
1528,399080,494920
1529,399090,494290
1530,399090,494300
1531,399090,494310
1532,399090,494320
1533,399090,494330
1534,399090,494340
1535,399090,494350
1536,399090,494360
1537,399090,494370
1538,399090,494380
1539,399090,494390
1540,399090,494400
1541,399090,494410
1542,399090,494420
1543,399090,494430
1544,399090,494440
1545,399090,494450
1546,399090,494460
1547,399090,494470
1548,399090,494480
1549,399090,494490
1550,399090,494500
1551,399090,494510
1552,399090,494520
1553,399090,494530
1554,399090,494540
1555,399090,494550
1556,399090,494560
1557,399090,494570
1558,399090,494580
1559,399090,494590
1560,399090,494600
1561,399090,494610
1562,399090,494620
1563,399090,494630
1564,399090,494640
1565,399090,494650
1566,399090,494660
1567,399090,494670
1568,399090,494680
1569,399090,494690
1570,399090,494700
1571,399090,494710
1572,399090,494720
1573,399090,494730
1574,399090,494740
1575,399090,494750
1576,399090,494760
1577,399090,494770
1578,399090,494780
1579,399090,494790
1580,399090,494800
1581,399090,494810
1582,399090,494820
1583,399090,494830
1584,399090,494840
1585,399090,494850
1586,399090,494860
1587,399090,494870
1588,399090,494880
1589,399090,494890
1590,399090,494900
1591,399090,494910
1592,399100,494290
1593,399100,494300
1594,399100,494310
1595,399100,494320
1596,399100,494330
1597,399100,494340
1598,399100,494350
1599,399100,494360
1600,399100,494370
1601,399100,494380
1602,399100,494390
1603,399100,494400
1604,399100,494410
1605,399100,494420
1606,399100,494430
1607,399100,494440
1608,399100,494450
1609,399100,494460
1610,399100,494470
1611,399100,494480
1612,399100,494490
1613,399100,494500
1614,399100,494510
1615,399100,494520
1616,399100,494530
1617,399100,494540
1618,399100,494550
1619,399100,494560
1620,399100,494570
1621,399100,494580
1622,399100,494590
1623,399100,494600
1624,399100,494610
1625,399100,494620
1626,399100,494630
1627,399100,494640
1628,399100,494650
1629,399100,494660
1630,399100,494670
1631,399100,494680
1632,399100,494690
1633,399100,494700
1634,399100,494710
1635,399100,494720
1636,399100,494730
1637,399100,494740
1638,399100,494750
1639,399100,494760
1640,399100,494770
1641,399100,494780
1642,399100,494790
1643,399100,494800
1644,399100,494810
1645,399100,494820
1646,399100,494830
1647,399100,494840
1648,399100,494850
1649,399100,494860
1650,399100,494870
1651,399100,494880
1652,399100,494890
1653,399100,494900
1654,399110,494280
1655,399110,494290
1656,399110,494300
1657,399110,494310
1658,399110,494320
1659,399110,494330
1660,399110,494340
1661,399110,494350
1662,399110,494360
1663,399110,494370
1664,399110,494380
1665,399110,494390
1666,399110,494400
1667,399110,494410
1668,399110,494420
1669,399110,494430
1670,399110,494440
1671,399110,494450
1672,399110,494460
1673,399110,494470
1674,399110,494480
1675,399110,494490
1676,399110,494500
1677,399110,494510
1678,399110,494520
1679,399110,494530
1680,399110,494540
1681,399110,494550
1682,399110,494560
1683,399110,494570
1684,399110,494580
1685,399110,494590
1686,399110,494600
1687,399110,494610
1688,399110,494620
1689,399110,494630
1690,399110,494640
1691,399110,494650
1692,399110,494660
1693,399110,494670
1694,399110,494680
1695,399110,494690
1696,399110,494700
1697,399110,494710
1698,399110,494720
1699,399110,494730
1700,399110,494740
1701,399110,494750
1702,399110,494760
1703,399110,494770
1704,399110,494780
1705,399110,494790
1706,399110,494800
1707,399110,494810
1708,399110,494820
1709,399110,494830
1710,399110,494840
1711,399110,494850
1712,399110,494860
1713,399110,494870
1714,399110,494880
1715,399110,494890
1716,399120,494280
1717,399120,494290
1718,399120,494300
1719,399120,494310
1720,399120,494320
1721,399120,494330
1722,399120,494340
1723,399120,494350
1724,399120,494360
1725,399120,494370
1726,399120,494380
1727,399120,494390
1728,399120,494400
1729,399120,494410
1730,399120,494420
1731,399120,494430
1732,399120,494440
1733,399120,494450
1734,399120,494460
1735,399120,494470
1736,399120,494480
1737,399120,494490
1738,399120,494500
1739,399120,494510
1740,399120,494520
1741,399120,494530
1742,399120,494540
1743,399120,494550
1744,399120,494560
1745,399120,494570
1746,399120,494580
1747,399120,494590
1748,399120,494600
1749,399120,494610
1750,399120,494620
1751,399120,494630
1752,399120,494640
1753,399120,494650
1754,399120,494660
1755,399120,494670
1756,399120,494680
1757,399120,494690
1758,399120,494700
1759,399120,494710
1760,399120,494720
1761,399120,494730
1762,399120,494740
1763,399120,494750
1764,399120,494760
1765,399120,494770
1766,399120,494780
1767,399120,494790
1768,399120,494800
1769,399120,494810
1770,399120,494820
1771,399120,494830
1772,399120,494840
1773,399120,494850
1774,399120,494860
1775,399120,494870
1776,399120,494880
1777,399130,494270
1778,399130,494280
1779,399130,494290
1780,399130,494300
1781,399130,494310
1782,399130,494320
1783,399130,494330
1784,399130,494340
1785,399130,494350
1786,399130,494360
1787,399130,494370
1788,399130,494380
1789,399130,494390
1790,399130,494400
1791,399130,494410
1792,399130,494420
1793,399130,494430
1794,399130,494440
1795,399130,494450
1796,399130,494460
1797,399130,494470
1798,399130,494480
1799,399130,494490
1800,399130,494500
1801,399130,494510
1802,399130,494520
1803,399130,494530
1804,399130,494540
1805,399130,494550
1806,399130,494560
1807,399130,494570
1808,399130,494580
1809,399130,494590
1810,399130,494600
1811,399130,494610
1812,399130,494620
1813,399130,494630
1814,399130,494640
1815,399130,494650
1816,399130,494660
1817,399130,494670
1818,399130,494680
1819,399130,494690
1820,399130,494700
1821,399130,494710
1822,399130,494720
1823,399130,494730
1824,399130,494740
1825,399130,494750
1826,399130,494760
1827,399130,494770
1828,399130,494780
1829,399130,494790
1830,399130,494800
1831,399130,494810
1832,399130,494820
1833,399130,494830
1834,399130,494840
1835,399130,494850
1836,399130,494860
1837,399130,494870
1838,399140,494270
1839,399140,494280
1840,399140,494290
1841,399140,494300
1842,399140,494310
1843,399140,494320
1844,399140,494330
1845,399140,494340
1846,399140,494350
1847,399140,494360
1848,399140,494370
1849,399140,494380
1850,399140,494390
1851,399140,494400
1852,399140,494410
1853,399140,494420
1854,399140,494430
1855,399140,494440
1856,399140,494450
1857,399140,494460
1858,399140,494470
1859,399140,494480
1860,399140,494490
1861,399140,494500
1862,399140,494510
1863,399140,494520
1864,399140,494530
1865,399140,494540
1866,399140,494550
1867,399140,494560
1868,399140,494570
1869,399140,494580
1870,399140,494590
1871,399140,494600
1872,399140,494610
1873,399140,494620
1874,399140,494630
1875,399140,494640
1876,399140,494650
1877,399140,494660
1878,399140,494670
1879,399140,494680
1880,399140,494690
1881,399140,494700
1882,399140,494710
1883,399140,494720
1884,399140,494730
1885,399140,494740
1886,399140,494750
1887,399140,494760
1888,399140,494770
1889,399140,494780
1890,399140,494790
1891,399140,494800
1892,399140,494810
1893,399140,494820
1894,399140,494830
1895,399140,494840
1896,399140,494850
1897,399140,494860
1898,399150,494260
1899,399150,494270
1900,399150,494280
1901,399150,494290
1902,399150,494300
1903,399150,494310
1904,399150,494320
1905,399150,494330
1906,399150,494340
1907,399150,494350
1908,399150,494360
1909,399150,494370
1910,399150,494380
1911,399150,494390
1912,399150,494400
1913,399150,494410
1914,399150,494420
1915,399150,494430
1916,399150,494440
1917,399150,494450
1918,399150,494460
1919,399150,494470
1920,399150,494480
1921,399150,494490
1922,399150,494500
1923,399150,494510
1924,399150,494520
1925,399150,494530
1926,399150,494540
1927,399150,494550
1928,399150,494560
1929,399150,494570
1930,399150,494580
1931,399150,494590
1932,399150,494600
1933,399150,494610
1934,399150,494620
1935,399150,494630
1936,399150,494640
1937,399150,494650
1938,399150,494660
1939,399150,494670
1940,399150,494680
1941,399150,494690
1942,399150,494700
1943,399150,494710
1944,399150,494720
1945,399150,494730
1946,399150,494740
1947,399150,494750
1948,399150,494760
1949,399150,494770
1950,399150,494780
1951,399150,494790
1952,399150,494800
1953,399150,494810
1954,399150,494820
1955,399160,494250
1956,399160,494260
1957,399160,494270
1958,399160,494280
1959,399160,494290
1960,399160,494300
1961,399160,494310
1962,399160,494320
1963,399160,494330
1964,399160,494340
1965,399160,494350
1966,399160,494360
1967,399160,494370
1968,399160,494380
1969,399160,494390
1970,399160,494400
1971,399160,494410
1972,399160,494420
1973,399160,494430
1974,399160,494440
1975,399160,494450
1976,399160,494460
1977,399160,494470
1978,399160,494480
1979,399160,494490
1980,399160,494500
1981,399160,494510
1982,399160,494520
1983,399160,494530
1984,399160,494540
1985,399160,494550
1986,399160,494560
1987,399160,494570
1988,399160,494580
1989,399160,494590
1990,399160,494600
1991,399160,494610
1992,399160,494620
1993,399160,494630
1994,399160,494640
1995,399160,494650
1996,399160,494660
1997,399160,494670
1998,399160,494680
1999,399160,494690
2000,399160,494700
2001,399160,494710
2002,399160,494720
2003,399160,494730
2004,399160,494740
2005,399160,494750
2006,399160,494760
2007,399160,494770
2008,399160,494780
2009,399160,494790
2010,399160,494800
2011,399160,494810
2012,399170,494250
2013,399170,494260
2014,399170,494270
2015,399170,494280
2016,399170,494290
2017,399170,494300
2018,399170,494310
2019,399170,494320
2020,399170,494330
2021,399170,494340
2022,399170,494350
2023,399170,494360
2024,399170,494370
2025,399170,494380
2026,399170,494390
2027,399170,494400
2028,399170,494410
2029,399170,494420
2030,399170,494430
2031,399170,494440
2032,399170,494450
2033,399170,494460
2034,399170,494470
2035,399170,494480
2036,399170,494490
2037,399170,494500
2038,399170,494510
2039,399170,494520
2040,399170,494530
2041,399170,494540
2042,399170,494550
2043,399170,494560
2044,399170,494570
2045,399170,494580
2046,399170,494590
2047,399170,494600
2048,399170,494610
2049,399170,494620
2050,399170,494630
2051,399170,494640
2052,399170,494650
2053,399170,494660
2054,399170,494670
2055,399170,494680
2056,399170,494690
2057,399170,494700
2058,399170,494710
2059,399170,494720
2060,399170,494730
2061,399170,494740
2062,399170,494750
2063,399170,494760
2064,399170,494770
2065,399170,494780
2066,399170,494790
2067,399170,494800
2068,399180,494240
2069,399180,494250
2070,399180,494260
2071,399180,494270
2072,399180,494280
2073,399180,494290
2074,399180,494300
2075,399180,494310
2076,399180,494320
2077,399180,494330
2078,399180,494340
2079,399180,494350
2080,399180,494360
2081,399180,494370
2082,399180,494380
2083,399180,494390
2084,399180,494400
2085,399180,494410
2086,399180,494420
2087,399180,494430
2088,399180,494440
2089,399180,494450
2090,399180,494460
2091,399180,494470
2092,399180,494480
2093,399180,494490
2094,399180,494500
2095,399180,494510
2096,399180,494520
2097,399180,494530
2098,399180,494540
2099,399180,494550
2100,399180,494560
2101,399180,494570
2102,399180,494580
2103,399180,494590
2104,399180,494600
2105,399180,494610
2106,399180,494620
2107,399180,494630
2108,399180,494640
2109,399180,494650
2110,399180,494660
2111,399180,494670
2112,399180,494680
2113,399180,494690
2114,399180,494700
2115,399180,494710
2116,399180,494720
2117,399180,494730
2118,399180,494740
2119,399180,494750
2120,399180,494760
2121,399180,494770
2122,399180,494780
2123,399180,494790
2124,399180,494800
2125,399190,494240
2126,399190,494250
2127,399190,494260
2128,399190,494270
2129,399190,494280
2130,399190,494290
2131,399190,494300
2132,399190,494310
2133,399190,494320
2134,399190,494330
2135,399190,494340
2136,399190,494350
2137,399190,494360
2138,399190,494370
2139,399190,494380
2140,399190,494390
2141,399190,494400
2142,399190,494410
2143,399190,494420
2144,399190,494430
2145,399190,494440
2146,399190,494450
2147,399190,494460
2148,399190,494470
2149,399190,494480
2150,399190,494490
2151,399190,494500
2152,399190,494510
2153,399190,494520
2154,399190,494530
2155,399190,494540
2156,399190,494550
2157,399190,494560
2158,399190,494570
2159,399190,494580
2160,399190,494590
2161,399190,494600
2162,399190,494610
2163,399190,494620
2164,399190,494630
2165,399190,494640
2166,399190,494650
2167,399190,494660
2168,399190,494670
2169,399190,494680
2170,399190,494690
2171,399190,494700
2172,399190,494710
2173,399190,494720
2174,399190,494730
2175,399190,494740
2176,399190,494750
2177,399190,494760
2178,399190,494770
2179,399190,494780
2180,399190,494790
2181,399200,494230
2182,399200,494240
2183,399200,494250
2184,399200,494260
2185,399200,494270
2186,399200,494280
2187,399200,494290
2188,399200,494300
2189,399200,494310
2190,399200,494320
2191,399200,494330
2192,399200,494340
2193,399200,494350
2194,399200,494360
2195,399200,494370
2196,399200,494380
2197,399200,494390
2198,399200,494400
2199,399200,494410
2200,399200,494420
2201,399200,494430
2202,399200,494440
2203,399200,494450
2204,399200,494460
2205,399200,494470
2206,399200,494480
2207,399200,494490
2208,399200,494500
2209,399200,494510
2210,399200,494520
2211,399200,494530
2212,399200,494540
2213,399200,494550
2214,399200,494560
2215,399200,494570
2216,399200,494580
2217,399200,494590
2218,399200,494600
2219,399200,494610
2220,399200,494620
2221,399200,494630
2222,399200,494640
2223,399200,494650
2224,399200,494660
2225,399200,494670
2226,399200,494680
2227,399200,494690
2228,399200,494700
2229,399200,494710
2230,399200,494720
2231,399200,494730
2232,399200,494740
2233,399200,494750
2234,399200,494760
2235,399200,494770
2236,399210,494230
2237,399210,494240
2238,399210,494250
2239,399210,494260
2240,399210,494270
2241,399210,494280
2242,399210,494290
2243,399210,494300
2244,399210,494310
2245,399210,494320
2246,399210,494330
2247,399210,494340
2248,399210,494350
2249,399210,494360
2250,399210,494370
2251,399210,494380
2252,399210,494390
2253,399210,494400
2254,399210,494410
2255,399210,494420
2256,399210,494430
2257,399210,494440
2258,399210,494450
2259,399210,494460
2260,399210,494470
2261,399210,494480
2262,399210,494490
2263,399210,494500
2264,399210,494510
2265,399210,494520
2266,399210,494530
2267,399210,494540
2268,399210,494550
2269,399210,494560
2270,399210,494570
2271,399210,494580
2272,399210,494590
2273,399210,494600
2274,399210,494610
2275,399210,494620
2276,399210,494630
2277,399210,494640
2278,399210,494650
2279,399210,494660
2280,399210,494670
2281,399210,494680
2282,399210,494690
2283,399210,494700
2284,399210,494710
2285,399210,494720
2286,399210,494730
2287,399210,494740
2288,399210,494750
2289,399220,494220
2290,399220,494230
2291,399220,494240
2292,399220,494250
2293,399220,494260
2294,399220,494270
2295,399220,494280
2296,399220,494290
2297,399220,494300
2298,399220,494310
2299,399220,494320
2300,399220,494330
2301,399220,494340
2302,399220,494350
2303,399220,494360
2304,399220,494370
2305,399220,494380
2306,399220,494390
2307,399220,494400
2308,399220,494410
2309,399220,494420
2310,399220,494430
2311,399220,494440
2312,399220,494450
2313,399220,494460
2314,399220,494470
2315,399220,494480
2316,399220,494490
2317,399220,494500
2318,399220,494510
2319,399220,494520
2320,399220,494530
2321,399220,494540
2322,399220,494550
2323,399220,494560
2324,399220,494570
2325,399220,494580
2326,399220,494590
2327,399220,494600
2328,399220,494610
2329,399220,494620
2330,399220,494630
2331,399220,494640
2332,399220,494650
2333,399220,494660
2334,399220,494670
2335,399220,494680
2336,399220,494690
2337,399220,494700
2338,399220,494710
2339,399220,494720
2340,399220,494730
2341,399230,494220
2342,399230,494230
2343,399230,494240
2344,399230,494250
2345,399230,494260
2346,399230,494270
2347,399230,494280
2348,399230,494290
2349,399230,494300
2350,399230,494310
2351,399230,494320
2352,399230,494330
2353,399230,494340
2354,399230,494350
2355,399230,494360
2356,399230,494370
2357,399230,494380
2358,399230,494390
2359,399230,494400
2360,399230,494410
2361,399230,494420
2362,399230,494430
2363,399230,494440
2364,399230,494450
2365,399230,494460
2366,399230,494470
2367,399230,494480
2368,399230,494490
2369,399230,494500
2370,399230,494510
2371,399230,494520
2372,399230,494530
2373,399230,494540
2374,399230,494550
2375,399230,494560
2376,399230,494570
2377,399230,494580
2378,399230,494590
2379,399230,494600
2380,399230,494610
2381,399230,494620
2382,399230,494630
2383,399230,494640
2384,399230,494650
2385,399230,494660
2386,399230,494670
2387,399230,494680
2388,399230,494690
2389,399230,494700
2390,399230,494710
2391,399230,494720
2392,399240,494210
2393,399240,494220
2394,399240,494230
2395,399240,494240
2396,399240,494250
2397,399240,494260
2398,399240,494270
2399,399240,494280
2400,399240,494290
2401,399240,494300
2402,399240,494310
2403,399240,494320
2404,399240,494330
2405,399240,494340
2406,399240,494350
2407,399240,494360
2408,399240,494370
2409,399240,494380
2410,399240,494390
2411,399240,494400
2412,399240,494410
2413,399240,494420
2414,399240,494430
2415,399240,494440
2416,399240,494450
2417,399240,494460
2418,399240,494470
2419,399240,494480
2420,399240,494490
2421,399240,494500
2422,399240,494510
2423,399240,494520
2424,399240,494530
2425,399240,494540
2426,399240,494550
2427,399240,494560
2428,399240,494570
2429,399240,494580
2430,399240,494590
2431,399240,494600
2432,399240,494610
2433,399240,494620
2434,399240,494630
2435,399240,494640
2436,399240,494650
2437,399240,494660
2438,399240,494670
2439,399240,494680
2440,399240,494690
2441,399240,494700
2442,399250,494200
2443,399250,494210
2444,399250,494220
2445,399250,494230
2446,399250,494240
2447,399250,494250
2448,399250,494260
2449,399250,494270
2450,399250,494280
2451,399250,494290
2452,399250,494300
2453,399250,494310
2454,399250,494320
2455,399250,494330
2456,399250,494340
2457,399250,494350
2458,399250,494360
2459,399250,494370
2460,399250,494380
2461,399250,494390
2462,399250,494400
2463,399250,494410
2464,399250,494420
2465,399250,494430
2466,399250,494440
2467,399250,494450
2468,399250,494460
2469,399250,494470
2470,399250,494480
2471,399250,494490
2472,399250,494500
2473,399250,494510
2474,399250,494520
2475,399250,494530
2476,399250,494540
2477,399250,494550
2478,399250,494560
2479,399250,494570
2480,399250,494580
2481,399250,494590
2482,399250,494600
2483,399250,494610
2484,399250,494620
2485,399250,494630
2486,399250,494640
2487,399250,494650
2488,399250,494660
2489,399250,494670
2490,399250,494680
2491,399260,494200
2492,399260,494210
2493,399260,494220
2494,399260,494230
2495,399260,494240
2496,399260,494250
2497,399260,494260
2498,399260,494270
2499,399260,494280
2500,399260,494290
2501,399260,494300
2502,399260,494310
2503,399260,494320
2504,399260,494330
2505,399260,494340
2506,399260,494350
2507,399260,494360
2508,399260,494370
2509,399260,494380
2510,399260,494390
2511,399260,494400
2512,399260,494410
2513,399260,494420
2514,399260,494430
2515,399260,494440
2516,399260,494450
2517,399260,494460
2518,399260,494470
2519,399260,494480
2520,399260,494490
2521,399260,494500
2522,399260,494510
2523,399260,494520
2524,399260,494530
2525,399260,494540
2526,399260,494550
2527,399260,494560
2528,399260,494570
2529,399260,494580
2530,399260,494590
2531,399260,494600
2532,399260,494610
2533,399260,494620
2534,399260,494630
2535,399260,494640
2536,399260,494650
2537,399260,494660
2538,399260,494670
2539,399270,494190
2540,399270,494200
2541,399270,494210
2542,399270,494220
2543,399270,494230
2544,399270,494240
2545,399270,494250
2546,399270,494260
2547,399270,494270
2548,399270,494280
2549,399270,494290
2550,399270,494300
2551,399270,494310
2552,399270,494320
2553,399270,494330
2554,399270,494340
2555,399270,494350
2556,399270,494360
2557,399270,494370
2558,399270,494380
2559,399270,494390
2560,399270,494400
2561,399270,494410
2562,399270,494420
2563,399270,494430
2564,399270,494440
2565,399270,494450
2566,399270,494460
2567,399270,494470
2568,399270,494480
2569,399270,494490
2570,399270,494500
2571,399270,494510
2572,399270,494520
2573,399270,494530
2574,399270,494540
2575,399270,494550
2576,399270,494560
2577,399270,494570
2578,399270,494580
2579,399270,494590
2580,399270,494600
2581,399270,494610
2582,399270,494620
2583,399270,494630
2584,399270,494640
2585,399270,494650
2586,399270,494660
2587,399270,494670
2588,399280,494190
2589,399280,494200
2590,399280,494210
2591,399280,494220
2592,399280,494230
2593,399280,494240
2594,399280,494250
2595,399280,494260
2596,399280,494270
2597,399280,494280
2598,399280,494290
2599,399280,494300
2600,399280,494310
2601,399280,494320
2602,399280,494330
2603,399280,494340
2604,399280,494350
2605,399280,494360
2606,399280,494370
2607,399280,494380
2608,399280,494390
2609,399280,494400
2610,399280,494410
2611,399280,494420
2612,399280,494430
2613,399280,494440
2614,399280,494450
2615,399280,494460
2616,399280,494470
2617,399280,494480
2618,399280,494490
2619,399280,494500
2620,399280,494510
2621,399280,494520
2622,399280,494530
2623,399280,494540
2624,399280,494550
2625,399280,494560
2626,399280,494570
2627,399280,494580
2628,399280,494590
2629,399280,494600
2630,399280,494610
2631,399280,494620
2632,399280,494630
2633,399280,494640
2634,399280,494650
2635,399280,494660
2636,399290,494180
2637,399290,494190
2638,399290,494200
2639,399290,494210
2640,399290,494220
2641,399290,494230
2642,399290,494240
2643,399290,494250
2644,399290,494260
2645,399290,494270
2646,399290,494280
2647,399290,494290
2648,399290,494300
2649,399290,494310
2650,399290,494320
2651,399290,494330
2652,399290,494340
2653,399290,494350
2654,399290,494360
2655,399290,494370
2656,399290,494380
2657,399290,494390
2658,399290,494400
2659,399290,494410
2660,399290,494420
2661,399290,494430
2662,399290,494440
2663,399290,494450
2664,399290,494460
2665,399290,494470
2666,399290,494480
2667,399290,494490
2668,399290,494500
2669,399290,494510
2670,399290,494520
2671,399290,494530
2672,399290,494540
2673,399290,494550
2674,399290,494560
2675,399290,494570
2676,399290,494580
2677,399290,494590
2678,399290,494600
2679,399290,494610
2680,399290,494620
2681,399290,494630
2682,399290,494640
2683,399300,494160
2684,399300,494170
2685,399300,494180
2686,399300,494190
2687,399300,494200
2688,399300,494210
2689,399300,494220
2690,399300,494230
2691,399300,494240
2692,399300,494250
2693,399300,494260
2694,399300,494270
2695,399300,494280
2696,399300,494290
2697,399300,494300
2698,399300,494310
2699,399300,494320
2700,399300,494330
2701,399300,494340
2702,399300,494350
2703,399300,494360
2704,399300,494370
2705,399300,494380
2706,399300,494390
2707,399300,494400
2708,399300,494410
2709,399300,494420
2710,399300,494430
2711,399300,494440
2712,399300,494450
2713,399300,494460
2714,399300,494470
2715,399300,494480
2716,399300,494490
2717,399300,494500
2718,399300,494510
2719,399300,494520
2720,399300,494530
2721,399300,494540
2722,399300,494550
2723,399300,494560
2724,399300,494570
2725,399300,494580
2726,399300,494590
2727,399300,494600
2728,399300,494610
2729,399300,494620
2730,399300,494630
2731,399310,494150
2732,399310,494160
2733,399310,494170
2734,399310,494180
2735,399310,494190
2736,399310,494200
2737,399310,494210
2738,399310,494220
2739,399310,494230
2740,399310,494240
2741,399310,494250
2742,399310,494260
2743,399310,494270
2744,399310,494280
2745,399310,494290
2746,399310,494300
2747,399310,494310
2748,399310,494320
2749,399310,494330
2750,399310,494340
2751,399310,494350
2752,399310,494360
2753,399310,494370
2754,399310,494380
2755,399310,494390
2756,399310,494400
2757,399310,494410
2758,399310,494420
2759,399310,494430
2760,399310,494440
2761,399310,494450
2762,399310,494460
2763,399310,494470
2764,399310,494480
2765,399310,494490
2766,399310,494500
2767,399310,494510
2768,399310,494520
2769,399310,494530
2770,399310,494540
2771,399310,494550
2772,399310,494560
2773,399310,494570
2774,399310,494580
2775,399310,494590
2776,399310,494600
2777,399310,494610
2778,399310,494620
2779,399310,494630
2780,399320,494140
2781,399320,494150
2782,399320,494160
2783,399320,494170
2784,399320,494180
2785,399320,494190
2786,399320,494200
2787,399320,494210
2788,399320,494220
2789,399320,494230
2790,399320,494240
2791,399320,494250
2792,399320,494260
2793,399320,494270
2794,399320,494280
2795,399320,494290
2796,399320,494300
2797,399320,494310
2798,399320,494320
2799,399320,494330
2800,399320,494340
2801,399320,494350
2802,399320,494360
2803,399320,494370
2804,399320,494380
2805,399320,494390
2806,399320,494400
2807,399320,494410
2808,399320,494420
2809,399320,494430
2810,399320,494440
2811,399320,494450
2812,399320,494460
2813,399320,494470
2814,399320,494480
2815,399320,494490
2816,399320,494500
2817,399320,494510
2818,399320,494520
2819,399320,494530
2820,399320,494540
2821,399320,494550
2822,399320,494560
2823,399320,494570
2824,399320,494580
2825,399320,494590
2826,399320,494600
2827,399320,494610
2828,399320,494620
2829,399330,494130
2830,399330,494140
2831,399330,494150
2832,399330,494160
2833,399330,494170
2834,399330,494180
2835,399330,494190
2836,399330,494200
2837,399330,494210
2838,399330,494220
2839,399330,494230
2840,399330,494240
2841,399330,494250
2842,399330,494260
2843,399330,494270
2844,399330,494280
2845,399330,494290
2846,399330,494300
2847,399330,494310
2848,399330,494320
2849,399330,494330
2850,399330,494340
2851,399330,494350
2852,399330,494360
2853,399330,494370
2854,399330,494380
2855,399330,494390
2856,399330,494400
2857,399330,494410
2858,399330,494420
2859,399330,494430
2860,399330,494440
2861,399330,494450
2862,399330,494460
2863,399330,494470
2864,399330,494480
2865,399330,494490
2866,399330,494500
2867,399330,494510
2868,399330,494520
2869,399330,494530
2870,399330,494540
2871,399330,494550
2872,399330,494560
2873,399330,494570
2874,399330,494580
2875,399330,494590
2876,399330,494600
2877,399330,494610
2878,399340,494120
2879,399340,494130
2880,399340,494140
2881,399340,494150
2882,399340,494160
2883,399340,494170
2884,399340,494180
2885,399340,494190
2886,399340,494200
2887,399340,494210
2888,399340,494220
2889,399340,494230
2890,399340,494240
2891,399340,494250
2892,399340,494260
2893,399340,494270
2894,399340,494280
2895,399340,494290
2896,399340,494300
2897,399340,494310
2898,399340,494320
2899,399340,494330
2900,399340,494340
2901,399340,494350
2902,399340,494360
2903,399340,494370
2904,399340,494380
2905,399340,494390
2906,399340,494400
2907,399340,494410
2908,399340,494420
2909,399340,494430
2910,399340,494440
2911,399340,494450
2912,399340,494460
2913,399340,494470
2914,399340,494480
2915,399340,494490
2916,399340,494500
2917,399340,494510
2918,399340,494520
2919,399340,494530
2920,399340,494540
2921,399340,494550
2922,399340,494560
2923,399340,494570
2924,399340,494580
2925,399340,494590
2926,399340,494600
2927,399350,494110
2928,399350,494120
2929,399350,494130
2930,399350,494140
2931,399350,494150
2932,399350,494160
2933,399350,494170
2934,399350,494180
2935,399350,494190
2936,399350,494200
2937,399350,494210
2938,399350,494220
2939,399350,494230
2940,399350,494240
2941,399350,494250
2942,399350,494260
2943,399350,494270
2944,399350,494280
2945,399350,494290
2946,399350,494300
2947,399350,494310
2948,399350,494320
2949,399350,494330
2950,399350,494340
2951,399350,494350
2952,399350,494360
2953,399350,494370
2954,399350,494380
2955,399350,494390
2956,399350,494400
2957,399350,494410
2958,399350,494420
2959,399350,494430
2960,399350,494440
2961,399350,494450
2962,399350,494460
2963,399350,494470
2964,399350,494480
2965,399350,494490
2966,399350,494500
2967,399350,494510
2968,399350,494520
2969,399350,494530
2970,399350,494540
2971,399350,494550
2972,399350,494560
2973,399350,494570
2974,399350,494580
2975,399350,494590
2976,399360,494090
2977,399360,494100
2978,399360,494110
2979,399360,494120
2980,399360,494130
2981,399360,494140
2982,399360,494150
2983,399360,494160
2984,399360,494170
2985,399360,494180
2986,399360,494190
2987,399360,494200
2988,399360,494210
2989,399360,494220
2990,399360,494230
2991,399360,494240
2992,399360,494250
2993,399360,494260
2994,399360,494270
2995,399360,494280
2996,399360,494290
2997,399360,494300
2998,399360,494310
2999,399360,494320
3000,399360,494330
3001,399360,494340
3002,399360,494350
3003,399360,494360
3004,399360,494370
3005,399360,494380
3006,399360,494390
3007,399360,494400
3008,399360,494410
3009,399360,494420
3010,399360,494430
3011,399360,494440
3012,399360,494450
3013,399360,494460
3014,399360,494470
3015,399360,494480
3016,399360,494490
3017,399360,494500
3018,399360,494510
3019,399360,494520
3020,399360,494530
3021,399360,494540
3022,399360,494550
3023,399360,494560
3024,399360,494570
3025,399360,494580
3026,399370,494080
3027,399370,494090
3028,399370,494100
3029,399370,494110
3030,399370,494120
3031,399370,494130
3032,399370,494140
3033,399370,494150
3034,399370,494160
3035,399370,494170
3036,399370,494180
3037,399370,494190
3038,399370,494200
3039,399370,494210
3040,399370,494220
3041,399370,494230
3042,399370,494240
3043,399370,494250
3044,399370,494260
3045,399370,494270
3046,399370,494280
3047,399370,494290
3048,399370,494300
3049,399370,494310
3050,399370,494320
3051,399370,494330
3052,399370,494340
3053,399370,494350
3054,399370,494360
3055,399370,494370
3056,399370,494380
3057,399370,494390
3058,399370,494400
3059,399370,494410
3060,399370,494420
3061,399370,494430
3062,399370,494440
3063,399370,494450
3064,399370,494460
3065,399370,494470
3066,399370,494480
3067,399370,494490
3068,399370,494500
3069,399370,494510
3070,399370,494520
3071,399370,494530
3072,399370,494540
3073,399370,494550
3074,399370,494560
3075,399370,494570
3076,399380,494070
3077,399380,494080
3078,399380,494090
3079,399380,494100
3080,399380,494110
3081,399380,494120
3082,399380,494130
3083,399380,494140
3084,399380,494150
3085,399380,494160
3086,399380,494170
3087,399380,494180
3088,399380,494190
3089,399380,494200
3090,399380,494210
3091,399380,494220
3092,399380,494230
3093,399380,494240
3094,399380,494250
3095,399380,494260
3096,399380,494270
3097,399380,494280
3098,399380,494290
3099,399380,494300
3100,399380,494310
3101,399380,494320
3102,399380,494330
3103,399380,494340
3104,399380,494350
3105,399380,494360
3106,399380,494370
3107,399380,494380
3108,399380,494390
3109,399380,494400
3110,399380,494410
3111,399380,494420
3112,399380,494430
3113,399380,494440
3114,399380,494450
3115,399380,494460
3116,399380,494470
3117,399380,494480
3118,399380,494490
3119,399380,494500
3120,399380,494510
3121,399380,494520
3122,399380,494530
3123,399380,494540
3124,399380,494550
3125,399380,494560
3126,399390,494060
3127,399390,494070
3128,399390,494080
3129,399390,494090
3130,399390,494100
3131,399390,494110
3132,399390,494120
3133,399390,494130
3134,399390,494140
3135,399390,494150
3136,399390,494160
3137,399390,494170
3138,399390,494180
3139,399390,494190
3140,399390,494200
3141,399390,494210
3142,399390,494220
3143,399390,494230
3144,399390,494240
3145,399390,494250
3146,399390,494260
3147,399390,494270
3148,399390,494280
3149,399390,494290
3150,399390,494300
3151,399390,494310
3152,399390,494320
3153,399390,494330
3154,399390,494340
3155,399390,494350
3156,399390,494360
3157,399390,494370
3158,399390,494380
3159,399390,494390
3160,399390,494400
3161,399390,494410
3162,399390,494420
3163,399390,494430
3164,399390,494440
3165,399390,494450
3166,399390,494460
3167,399390,494470
3168,399390,494480
3169,399390,494490
3170,399390,494500
3171,399390,494510
3172,399390,494520
3173,399390,494530
3174,399390,494540
3175,399400,494050
3176,399400,494060
3177,399400,494070
3178,399400,494080
3179,399400,494090
3180,399400,494100
3181,399400,494110
3182,399400,494120
3183,399400,494130
3184,399400,494140
3185,399400,494150
3186,399400,494160
3187,399400,494170
3188,399400,494180
3189,399400,494190
3190,399400,494200
3191,399400,494210
3192,399400,494220
3193,399400,494230
3194,399400,494240
3195,399400,494250
3196,399400,494260
3197,399400,494270
3198,399400,494280
3199,399400,494290
3200,399400,494300
3201,399400,494310
3202,399400,494320
3203,399400,494330
3204,399400,494340
3205,399400,494350
3206,399400,494360
3207,399400,494370
3208,399400,494380
3209,399400,494390
3210,399400,494400
3211,399400,494410
3212,399400,494420
3213,399400,494430
3214,399400,494440
3215,399400,494450
3216,399400,494460
3217,399400,494470
3218,399400,494480
3219,399400,494490
3220,399400,494500
3221,399400,494510
3222,399400,494520
3223,399400,494530
3224,399410,494040
3225,399410,494050
3226,399410,494060
3227,399410,494070
3228,399410,494080
3229,399410,494090
3230,399410,494100
3231,399410,494110
3232,399410,494120
3233,399410,494130
3234,399410,494140
3235,399410,494150
3236,399410,494160
3237,399410,494170
3238,399410,494180
3239,399410,494190
3240,399410,494200
3241,399410,494210
3242,399410,494220
3243,399410,494230
3244,399410,494240
3245,399410,494250
3246,399410,494260
3247,399410,494270
3248,399410,494280
3249,399410,494290
3250,399410,494300
3251,399410,494310
3252,399410,494320
3253,399410,494330
3254,399410,494340
3255,399410,494350
3256,399410,494360
3257,399410,494370
3258,399410,494380
3259,399410,494390
3260,399410,494400
3261,399410,494410
3262,399410,494420
3263,399410,494430
3264,399410,494440
3265,399410,494450
3266,399410,494460
3267,399410,494470
3268,399410,494480
3269,399410,494490
3270,399410,494500
3271,399420,494020
3272,399420,494030
3273,399420,494040
3274,399420,494050
3275,399420,494060
3276,399420,494070
3277,399420,494080
3278,399420,494090
3279,399420,494100
3280,399420,494110
3281,399420,494120
3282,399420,494130
3283,399420,494140
3284,399420,494150
3285,399420,494160
3286,399420,494170
3287,399420,494180
3288,399420,494190
3289,399420,494200
3290,399420,494210
3291,399420,494220
3292,399420,494230
3293,399420,494240
3294,399420,494250
3295,399420,494260
3296,399420,494270
3297,399420,494280
3298,399420,494290
3299,399420,494300
3300,399420,494310
3301,399420,494320
3302,399420,494330
3303,399420,494340
3304,399420,494350
3305,399420,494360
3306,399420,494370
3307,399420,494380
3308,399420,494390
3309,399420,494400
3310,399420,494410
3311,399420,494420
3312,399420,494430
3313,399420,494440
3314,399420,494450
3315,399420,494460
3316,399420,494470
3317,399430,494010
3318,399430,494020
3319,399430,494030
3320,399430,494040
3321,399430,494050
3322,399430,494060
3323,399430,494070
3324,399430,494080
3325,399430,494090
3326,399430,494100
3327,399430,494110
3328,399430,494120
3329,399430,494130
3330,399430,494140
3331,399430,494150
3332,399430,494160
3333,399430,494170
3334,399430,494180
3335,399430,494190
3336,399430,494200
3337,399430,494210
3338,399430,494220
3339,399430,494230
3340,399430,494240
3341,399430,494250
3342,399430,494260
3343,399430,494270
3344,399430,494280
3345,399430,494290
3346,399430,494300
3347,399430,494310
3348,399430,494320
3349,399430,494330
3350,399430,494340
3351,399430,494350
3352,399430,494360
3353,399430,494370
3354,399430,494380
3355,399430,494390
3356,399430,494400
3357,399430,494410
3358,399430,494420
3359,399430,494430
3360,399430,494440
3361,399430,494450
3362,399430,494460
3363,399440,493990
3364,399440,494000
3365,399440,494010
3366,399440,494020
3367,399440,494030
3368,399440,494040
3369,399440,494050
3370,399440,494060
3371,399440,494070
3372,399440,494080
3373,399440,494090
3374,399440,494100
3375,399440,494110
3376,399440,494120
3377,399440,494130
3378,399440,494140
3379,399440,494150
3380,399440,494160
3381,399440,494170
3382,399440,494180
3383,399440,494190
3384,399440,494200
3385,399440,494210
3386,399440,494220
3387,399440,494230
3388,399440,494240
3389,399440,494250
3390,399440,494260
3391,399440,494270
3392,399440,494280
3393,399440,494290
3394,399440,494300
3395,399440,494310
3396,399440,494320
3397,399440,494330
3398,399440,494340
3399,399440,494350
3400,399440,494360
3401,399440,494370
3402,399440,494380
3403,399440,494390
3404,399440,494400
3405,399440,494410
3406,399440,494420
3407,399440,494430
3408,399440,494440
3409,399440,494450
3410,399450,493960
3411,399450,493970
3412,399450,493980
3413,399450,493990
3414,399450,494000
3415,399450,494010
3416,399450,494020
3417,399450,494030
3418,399450,494040
3419,399450,494050
3420,399450,494060
3421,399450,494070
3422,399450,494080
3423,399450,494090
3424,399450,494100
3425,399450,494110
3426,399450,494120
3427,399450,494130
3428,399450,494140
3429,399450,494150
3430,399450,494160
3431,399450,494170
3432,399450,494180
3433,399450,494190
3434,399450,494200
3435,399450,494210
3436,399450,494220
3437,399450,494230
3438,399450,494240
3439,399450,494250
3440,399450,494260
3441,399450,494270
3442,399450,494280
3443,399450,494290
3444,399450,494300
3445,399450,494310
3446,399450,494320
3447,399450,494330
3448,399450,494340
3449,399450,494350
3450,399450,494360
3451,399450,494370
3452,399450,494380
3453,399450,494390
3454,399450,494400
3455,399450,494410
3456,399450,494420
3457,399450,494430
3458,399450,494440
3459,399450,494450
3460,399460,493920
3461,399460,493930
3462,399460,493940
3463,399460,493950
3464,399460,493960
3465,399460,493970
3466,399460,493980
3467,399460,493990
3468,399460,494000
3469,399460,494010
3470,399460,494020
3471,399460,494030
3472,399460,494040
3473,399460,494050
3474,399460,494060
3475,399460,494070
3476,399460,494080
3477,399460,494090
3478,399460,494100
3479,399460,494110
3480,399460,494120
3481,399460,494130
3482,399460,494140
3483,399460,494150
3484,399460,494160
3485,399460,494170
3486,399460,494180
3487,399460,494190
3488,399460,494200
3489,399460,494210
3490,399460,494220
3491,399460,494230
3492,399460,494240
3493,399460,494250
3494,399460,494260
3495,399460,494270
3496,399460,494280
3497,399460,494290
3498,399460,494300
3499,399460,494310
3500,399460,494320
3501,399460,494330
3502,399460,494340
3503,399460,494350
3504,399460,494360
3505,399460,494370
3506,399460,494380
3507,399460,494390
3508,399460,494400
3509,399460,494410
3510,399460,494420
3511,399460,494430
3512,399460,494440
3513,399470,493870
3514,399470,493880
3515,399470,493890
3516,399470,493900
3517,399470,493910
3518,399470,493920
3519,399470,493930
3520,399470,493940
3521,399470,493950
3522,399470,493960
3523,399470,493970
3524,399470,493980
3525,399470,493990
3526,399470,494000
3527,399470,494010
3528,399470,494020
3529,399470,494030
3530,399470,494040
3531,399470,494050
3532,399470,494060
3533,399470,494070
3534,399470,494080
3535,399470,494090
3536,399470,494100
3537,399470,494110
3538,399470,494120
3539,399470,494130
3540,399470,494140
3541,399470,494150
3542,399470,494160
3543,399470,494170
3544,399470,494180
3545,399470,494190
3546,399470,494200
3547,399470,494210
3548,399470,494220
3549,399470,494230
3550,399470,494240
3551,399470,494250
3552,399470,494260
3553,399470,494270
3554,399470,494280
3555,399470,494290
3556,399470,494300
3557,399470,494310
3558,399470,494320
3559,399470,494330
3560,399470,494340
3561,399470,494350
3562,399470,494360
3563,399470,494370
3564,399470,494380
3565,399470,494390
3566,399470,494400
3567,399470,494410
3568,399470,494420
3569,399470,494430
3570,399480,493850
3571,399480,493860
3572,399480,493870
3573,399480,493880
3574,399480,493890
3575,399480,493900
3576,399480,493910
3577,399480,493920
3578,399480,493930
3579,399480,493940
3580,399480,493950
3581,399480,493960
3582,399480,493970
3583,399480,493980
3584,399480,493990
3585,399480,494000
3586,399480,494010
3587,399480,494020
3588,399480,494030
3589,399480,494040
3590,399480,494050
3591,399480,494060
3592,399480,494070
3593,399480,494080
3594,399480,494090
3595,399480,494100
3596,399480,494110
3597,399480,494120
3598,399480,494130
3599,399480,494140
3600,399480,494150
3601,399480,494160
3602,399480,494170
3603,399480,494180
3604,399480,494190
3605,399480,494200
3606,399480,494210
3607,399480,494220
3608,399480,494230
3609,399480,494240
3610,399480,494250
3611,399480,494260
3612,399480,494270
3613,399480,494280
3614,399480,494290
3615,399480,494300
3616,399480,494310
3617,399480,494320
3618,399480,494330
3619,399480,494340
3620,399480,494350
3621,399480,494360
3622,399480,494370
3623,399480,494380
3624,399480,494390
3625,399480,494400
3626,399480,494410
3627,399480,494420
3628,399490,493820
3629,399490,493830
3630,399490,493840
3631,399490,493850
3632,399490,493860
3633,399490,493870
3634,399490,493880
3635,399490,493890
3636,399490,493900
3637,399490,493910
3638,399490,493920
3639,399490,493930
3640,399490,493940
3641,399490,493950
3642,399490,493960
3643,399490,493970
3644,399490,493980
3645,399490,493990
3646,399490,494000
3647,399490,494010
3648,399490,494020
3649,399490,494030
3650,399490,494040
3651,399490,494050
3652,399490,494060
3653,399490,494070
3654,399490,494080
3655,399490,494090
3656,399490,494100
3657,399490,494110
3658,399490,494120
3659,399490,494130
3660,399490,494140
3661,399490,494150
3662,399490,494160
3663,399490,494170
3664,399490,494180
3665,399490,494190
3666,399490,494200
3667,399490,494210
3668,399490,494220
3669,399490,494230
3670,399490,494240
3671,399490,494250
3672,399490,494260
3673,399490,494270
3674,399490,494280
3675,399490,494290
3676,399490,494300
3677,399490,494310
3678,399490,494320
3679,399490,494330
3680,399490,494340
3681,399490,494350
3682,399490,494360
3683,399490,494370
3684,399490,494380
3685,399500,493830
3686,399500,493840
3687,399500,493850
3688,399500,493860
3689,399500,493870
3690,399500,493880
3691,399500,493890
3692,399500,493900
3693,399500,493910
3694,399500,493920
3695,399500,493930
3696,399500,493940
3697,399500,493950
3698,399500,493960
3699,399500,493970
3700,399500,493980
3701,399500,493990
3702,399500,494000
3703,399500,494010
3704,399500,494020
3705,399500,494030
3706,399500,494040
3707,399500,494050
3708,399500,494060
3709,399500,494070
3710,399500,494080
3711,399500,494090
3712,399500,494100
3713,399500,494110
3714,399500,494120
3715,399500,494130
3716,399500,494140
3717,399500,494150
3718,399500,494160
3719,399500,494170
3720,399500,494180
3721,399500,494190
3722,399500,494200
3723,399500,494210
3724,399500,494220
3725,399500,494230
3726,399500,494240
3727,399500,494250
3728,399500,494260
3729,399500,494270
3730,399500,494280
3731,399500,494290
3732,399500,494300
3733,399500,494310
3734,399500,494320
3735,399500,494330
3736,399500,494340
3737,399500,494350
3738,399500,494360
3739,399500,494370
3740,399500,494380
3741,399510,493840
3742,399510,493850
3743,399510,493860
3744,399510,493870
3745,399510,493880
3746,399510,493890
3747,399510,493900
3748,399510,493910
3749,399510,493920
3750,399510,493930
3751,399510,493940
3752,399510,493950
3753,399510,493960
3754,399510,493970
3755,399510,493980
3756,399510,493990
3757,399510,494000
3758,399510,494010
3759,399510,494020
3760,399510,494030
3761,399510,494040
3762,399510,494050
3763,399510,494060
3764,399510,494070
3765,399510,494080
3766,399510,494090
3767,399510,494100
3768,399510,494110
3769,399510,494120
3770,399510,494130
3771,399510,494140
3772,399510,494150
3773,399510,494160
3774,399510,494170
3775,399510,494180
3776,399510,494190
3777,399510,494200
3778,399510,494210
3779,399510,494220
3780,399510,494230
3781,399510,494240
3782,399510,494250
3783,399510,494260
3784,399510,494270
3785,399510,494280
3786,399510,494290
3787,399510,494300
3788,399510,494310
3789,399510,494320
3790,399510,494330
3791,399510,494340
3792,399510,494350
3793,399510,494360
3794,399510,494370
3795,399510,494380
3796,399520,493850
3797,399520,493860
3798,399520,493870
3799,399520,493880
3800,399520,493890
3801,399520,493900
3802,399520,493910
3803,399520,493920
3804,399520,493930
3805,399520,493940
3806,399520,493950
3807,399520,493960
3808,399520,493970
3809,399520,493980
3810,399520,493990
3811,399520,494000
3812,399520,494010
3813,399520,494020
3814,399520,494030
3815,399520,494040
3816,399520,494050
3817,399520,494060
3818,399520,494070
3819,399520,494080
3820,399520,494090
3821,399520,494100
3822,399520,494110
3823,399520,494120
3824,399520,494130
3825,399520,494140
3826,399520,494150
3827,399520,494160
3828,399520,494170
3829,399520,494180
3830,399520,494190
3831,399520,494200
3832,399520,494210
3833,399520,494220
3834,399520,494230
3835,399520,494240
3836,399520,494250
3837,399520,494260
3838,399520,494270
3839,399520,494280
3840,399520,494290
3841,399520,494300
3842,399520,494310
3843,399520,494320
3844,399520,494330
3845,399520,494340
3846,399520,494350
3847,399520,494360
3848,399520,494370
3849,399530,493870
3850,399530,493880
3851,399530,493890
3852,399530,493900
3853,399530,493910
3854,399530,493920
3855,399530,493930
3856,399530,493940
3857,399530,493950
3858,399530,493960
3859,399530,493970
3860,399530,493980
3861,399530,493990
3862,399530,494000
3863,399530,494010
3864,399530,494020
3865,399530,494030
3866,399530,494040
3867,399530,494050
3868,399530,494060
3869,399530,494070
3870,399530,494080
3871,399530,494090
3872,399530,494100
3873,399530,494110
3874,399530,494120
3875,399530,494130
3876,399530,494140
3877,399530,494150
3878,399530,494160
3879,399530,494170
3880,399530,494180
3881,399530,494190
3882,399530,494200
3883,399530,494210
3884,399530,494220
3885,399530,494230
3886,399530,494240
3887,399530,494250
3888,399530,494260
3889,399530,494270
3890,399530,494280
3891,399530,494290
3892,399530,494300
3893,399530,494310
3894,399530,494320
3895,399530,494330
3896,399530,494340
3897,399530,494350
3898,399530,494360
3899,399540,493900
3900,399540,493910
3901,399540,493920
3902,399540,493930
3903,399540,493940
3904,399540,493950
3905,399540,493960
3906,399540,493970
3907,399540,493980
3908,399540,493990
3909,399540,494000
3910,399540,494010
3911,399540,494020
3912,399540,494030
3913,399540,494040
3914,399540,494050
3915,399540,494060
3916,399540,494070
3917,399540,494080
3918,399540,494090
3919,399540,494100
3920,399540,494110
3921,399540,494120
3922,399540,494130
3923,399540,494140
3924,399540,494150
3925,399540,494160
3926,399540,494170
3927,399540,494180
3928,399540,494190
3929,399540,494200
3930,399540,494210
3931,399540,494220
3932,399540,494230
3933,399540,494240
3934,399540,494250
3935,399540,494260
3936,399540,494270
3937,399540,494280
3938,399540,494290
3939,399540,494300
3940,399540,494310
3941,399540,494320
3942,399540,494330
3943,399540,494340
3944,399540,494350
3945,399540,494360
3946,399550,493950
3947,399550,493960
3948,399550,493970
3949,399550,493980
3950,399550,493990
3951,399550,494000
3952,399550,494010
3953,399550,494020
3954,399550,494030
3955,399550,494040
3956,399550,494050
3957,399550,494060
3958,399550,494070
3959,399550,494080
3960,399550,494090
3961,399550,494100
3962,399550,494110
3963,399550,494120
3964,399550,494130
3965,399550,494140
3966,399550,494150
3967,399550,494160
3968,399550,494170
3969,399550,494180
3970,399550,494190
3971,399550,494200
3972,399550,494210
3973,399550,494220
3974,399550,494230
3975,399550,494240
3976,399550,494250
3977,399550,494260
3978,399550,494270
3979,399550,494280
3980,399550,494290
3981,399550,494300
3982,399550,494310
3983,399550,494320
3984,399550,494330
3985,399550,494340
3986,399550,494350
3987,399560,493970
3988,399560,493980
3989,399560,493990
3990,399560,494000
3991,399560,494010
3992,399560,494020
3993,399560,494030
3994,399560,494040
3995,399560,494050
3996,399560,494060
3997,399560,494070
3998,399560,494080
3999,399560,494090
4000,399560,494100
4001,399560,494110
4002,399560,494120
4003,399560,494130
4004,399560,494140
4005,399560,494150
4006,399560,494160
4007,399560,494170
4008,399560,494180
4009,399560,494190
4010,399560,494200
4011,399560,494210
4012,399560,494220
4013,399560,494230
4014,399560,494240
4015,399560,494250
4016,399560,494260
4017,399560,494270
4018,399560,494280
4019,399560,494290
4020,399560,494300
4021,399560,494310
4022,399560,494320
4023,399560,494330
4024,399570,494000
4025,399570,494010
4026,399570,494020
4027,399570,494030
4028,399570,494040
4029,399570,494050
4030,399570,494060
4031,399570,494070
4032,399570,494080
4033,399570,494090
4034,399570,494100
4035,399570,494110
4036,399570,494120
4037,399570,494130
4038,399570,494140
4039,399570,494150
4040,399570,494160
4041,399570,494170
4042,399570,494180
4043,399570,494190
4044,399570,494200
4045,399570,494210
4046,399570,494220
4047,399570,494230
4048,399570,494240
4049,399570,494250
4050,399570,494260
4051,399570,494270
4052,399570,494280
4053,399570,494290
4054,399570,494300
4055,399570,494310
4056,399570,494320
4057,399580,494020
4058,399580,494030
4059,399580,494040
4060,399580,494050
4061,399580,494060
4062,399580,494070
4063,399580,494080
4064,399580,494090
4065,399580,494100
4066,399580,494110
4067,399580,494120
4068,399580,494130
4069,399580,494140
4070,399580,494150
4071,399580,494160
4072,399580,494170
4073,399580,494180
4074,399580,494190
4075,399580,494200
4076,399580,494210
4077,399580,494220
4078,399580,494230
4079,399580,494240
4080,399580,494250
4081,399580,494260
4082,399580,494270
4083,399580,494280
4084,399580,494290
4085,399580,494300
4086,399580,494310
4087,399580,494320
4088,399590,494030
4089,399590,494040
4090,399590,494050
4091,399590,494060
4092,399590,494070
4093,399590,494080
4094,399590,494090
4095,399590,494100
4096,399590,494110
4097,399590,494120
4098,399590,494130
4099,399590,494140
4100,399590,494150
4101,399590,494160
4102,399590,494170
4103,399590,494180
4104,399590,494190
4105,399590,494200
4106,399590,494210
4107,399590,494220
4108,399590,494230
4109,399590,494240
4110,399590,494250
4111,399590,494260
4112,399590,494270
4113,399590,494280
4114,399590,494290
4115,399590,494300
4116,399600,494040
4117,399600,494050
4118,399600,494060
4119,399600,494070
4120,399600,494080
4121,399600,494090
4122,399600,494100
4123,399600,494110
4124,399600,494120
4125,399600,494130
4126,399600,494140
4127,399600,494150
4128,399600,494160
4129,399600,494170
4130,399600,494180
4131,399600,494190
4132,399600,494200
4133,399600,494210
4134,399600,494220
4135,399600,494230
4136,399600,494240
4137,399600,494250
4138,399600,494260
4139,399600,494270
4140,399600,494280
4141,399600,494290
4142,399600,494300
4143,399610,494050
4144,399610,494060
4145,399610,494070
4146,399610,494080
4147,399610,494090
4148,399610,494100
4149,399610,494110
4150,399610,494120
4151,399610,494130
4152,399610,494140
4153,399610,494150
4154,399610,494160
4155,399610,494170
4156,399610,494180
4157,399610,494190
4158,399610,494200
4159,399610,494210
4160,399610,494220
4161,399610,494230
4162,399610,494240
4163,399610,494250
4164,399610,494260
4165,399610,494270
4166,399610,494280
4167,399610,494290
4168,399610,494300
4169,399620,494060
4170,399620,494070
4171,399620,494080
4172,399620,494090
4173,399620,494100
4174,399620,494110
4175,399620,494120
4176,399620,494130
4177,399620,494140
4178,399620,494150
4179,399620,494160
4180,399620,494170
4181,399620,494180
4182,399620,494190
4183,399620,494200
4184,399620,494210
4185,399620,494220
4186,399620,494230
4187,399620,494240
4188,399620,494250
4189,399620,494260
4190,399620,494270
4191,399620,494280
4192,399620,494290
4193,399620,494300
4194,399630,494070
4195,399630,494080
4196,399630,494090
4197,399630,494100
4198,399630,494110
4199,399630,494120
4200,399630,494130
4201,399630,494140
4202,399630,494150
4203,399630,494160
4204,399630,494170
4205,399630,494180
4206,399630,494190
4207,399630,494200
4208,399630,494210
4209,399630,494220
4210,399630,494230
4211,399630,494240
4212,399630,494250
4213,399630,494260
4214,399630,494270
4215,399630,494280
4216,399630,494290
4217,399630,494300
4218,399640,494080
4219,399640,494090
4220,399640,494100
4221,399640,494110
4222,399640,494120
4223,399640,494130
4224,399640,494140
4225,399640,494150
4226,399640,494160
4227,399640,494170
4228,399640,494180
4229,399640,494190
4230,399640,494200
4231,399640,494210
4232,399640,494220
4233,399640,494230
4234,399640,494240
4235,399640,494250
4236,399640,494260
4237,399640,494270
4238,399640,494280
4239,399640,494290
4240,399640,494300
4241,399650,494090
4242,399650,494100
4243,399650,494110
4244,399650,494120
4245,399650,494130
4246,399650,494140
4247,399650,494150
4248,399650,494160
4249,399650,494170
4250,399650,494180
4251,399650,494190
4252,399650,494200
4253,399650,494210
4254,399650,494220
4255,399650,494230
4256,399650,494240
4257,399650,494250
4258,399650,494260
4259,399650,494270
4260,399650,494280
4261,399650,494290
4262,399660,494100
4263,399660,494110
4264,399660,494120
4265,399660,494130
4266,399660,494140
4267,399660,494150
4268,399660,494160
4269,399660,494170
4270,399660,494180
4271,399660,494190
4272,399660,494200
4273,399660,494210
4274,399660,494220
4275,399660,494230
4276,399660,494240
4277,399660,494250
4278,399660,494260
4279,399660,494270
4280,399660,494280
4281,399660,494290
4282,399670,494110
4283,399670,494120
4284,399670,494130
4285,399670,494140
4286,399670,494150
4287,399670,494160
4288,399670,494170
4289,399670,494180
4290,399670,494190
4291,399670,494200
4292,399670,494210
4293,399670,494220
4294,399670,494230
4295,399670,494240
4296,399670,494250
4297,399670,494260
4298,399670,494270
4299,399670,494280
4300,399680,494120
4301,399680,494130
4302,399680,494140
4303,399680,494150
4304,399680,494160
4305,399680,494170
4306,399680,494180
4307,399680,494190
4308,399680,494200
4309,399680,494210
4310,399680,494220
4311,399680,494230
4312,399680,494240
4313,399680,494250
4314,399680,494260
4315,399680,494270
4316,399680,494280
4317,399690,494130
4318,399690,494140
4319,399690,494150
4320,399690,494160
4321,399690,494170
4322,399690,494180
4323,399690,494190
4324,399690,494200
4325,399690,494210
4326,399690,494220
4327,399690,494230
4328,399690,494240
4329,399690,494250
4330,399690,494260
4331,399690,494270
4332,399700,494130
4333,399700,494140
4334,399700,494150
4335,399700,494160
4336,399700,494170
4337,399700,494180
4338,399700,494190
4339,399700,494200
4340,399700,494210
4341,399700,494220
4342,399700,494230
4343,399700,494240
4344,399700,494250
4345,399700,494260
4346,399700,494270
4347,399710,494140
4348,399710,494150
4349,399710,494160
4350,399710,494170
4351,399710,494180
4352,399710,494190
4353,399710,494200
4354,399720,494150
4355,399720,494160
4356,399720,494170
4357,399720,494180
4358,399720,494190
4359,399730,494160
4360,399730,494170
4361,399730,494180
4362,399740,494160
4363,399740,494170
