<?xml version="1.0" encoding="UTF-8"?>
<metadata xml:lang="en"><Esri><CreaDate>20200205</CreaDate><CreaTime>11045200</CreaTime><SyncOnce>FALSE</SyncOnce><DataProperties><itemProps><itemName Sync="TRUE">dsd</itemName><imsContentType Sync="TRUE">002</imsContentType><itemSize Sync="TRUE">0.000</itemSize><itemLocation><linkage Sync="TRUE">file://\\CPH40\D$\WEB\Map of Administrative Districts.mxd\map2013.08.29\shp2013.08.29\dsd2</linkage><protocol Sync="TRUE">Local Area Network</protocol></itemLocation></itemProps><coordRef><type Sync="TRUE">Projected</type><geogcsn Sync="TRUE">GCS_Kandawala</geogcsn><peXml Sync="TRUE">&lt;ProjectedCoordinateSystem xsi:type='typens:ProjectedCoordinateSystem' xmlns:xsi='http://www.w3.org/2001/XMLSchema-instance' xmlns:xs='http://www.w3.org/2001/XMLSchema' xmlns:typens='http://www.esri.com/schemas/ArcGIS/10.0'&gt;&lt;WKT&gt;PROJCS[&amp;quot;Kandawala_Ceylon_Belt_Meters&amp;quot;,GEOGCS[&amp;quot;GCS_Kandawala&amp;quot;,DATUM[&amp;quot;D_Kandawala&amp;quot;,SPHEROID[&amp;quot;Everest_Adjustment_1937&amp;quot;,6377276.345,300.8017]],PRIMEM[&amp;quot;Greenwich&amp;quot;,0.0],UNIT[&amp;quot;Degree&amp;quot;,0.0174532925199433]],PROJECTION[&amp;quot;Transverse_Mercator&amp;quot;],PARAMETER[&amp;quot;False_Easting&amp;quot;,200000.0],PARAMETER[&amp;quot;False_Northing&amp;quot;,200000.0],PARAMETER[&amp;quot;Central_Meridian&amp;quot;,80.77171111111112],PARAMETER[&amp;quot;Scale_Factor&amp;quot;,0.999924],PARAMETER[&amp;quot;Latitude_Of_Origin&amp;quot;,7.000480277777778],UNIT[&amp;quot;Meter&amp;quot;,1.0]]&lt;/WKT&gt;&lt;XOrigin&gt;-5421900&lt;/XOrigin&gt;&lt;YOrigin&gt;-10574100&lt;/YOrigin&gt;&lt;XYScale&gt;450353207.4389379&lt;/XYScale&gt;&lt;ZOrigin&gt;-100000&lt;/ZOrigin&gt;&lt;ZScale&gt;10000&lt;/ZScale&gt;&lt;MOrigin&gt;-100000&lt;/MOrigin&gt;&lt;MScale&gt;10000&lt;/MScale&gt;&lt;XYTolerance&gt;0.001&lt;/XYTolerance&gt;&lt;ZTolerance&gt;0.001&lt;/ZTolerance&gt;&lt;MTolerance&gt;0.001&lt;/MTolerance&gt;&lt;HighPrecision&gt;true&lt;/HighPrecision&gt;&lt;/ProjectedCoordinateSystem&gt;</peXml><projcsn Sync="TRUE">Kandawala_Ceylon_Belt_Meters</projcsn></coordRef><lineage><Process ToolSource="C:\Program Files\ArcGIS\Desktop10.0\ArcToolbox\Toolboxes\Data Management Tools.tbx\FeatureToPolygon" Date="20140127" Time="001314">FeatureToPolygon Export_Output_3 D:\test\shp\boundary.shp # ATTRIBUTES #</Process><Process ToolSource="C:\Program Files\ArcGIS\Desktop10.0\ArcToolbox\Toolboxes\Data Management Tools.tbx\Project" Date="20140127" Time="001623">Project boundary D:\test\shp\boundary1.shp PROJCS['Kandawala_Ceylon_Belt_Meters',GEOGCS['GCS_Kandawala',DATUM['D_Kandawala',SPHEROID['Everest_Adjustment_1937',6377276.345,300.8017]],PRIMEM['Greenwich',0.0],UNIT['Degree',0.0174532925199433]],PROJECTION['Transverse_Mercator'],PARAMETER['False_Easting',200000.0],PARAMETER['False_Northing',200000.0],PARAMETER['Central_Meridian',80.77171111111112],PARAMETER['Scale_Factor',0.999924],PARAMETER['Latitude_Of_Origin',7.000480277777778],UNIT['Meter',1.0]] Kandawala_To_WGS_1984 GEOGCS['GCS_WGS_1984',DATUM['D_WGS_1984',SPHEROID['WGS_1984',6378137.0,298.257223563]],PRIMEM['Greenwich',0.0],UNIT['Degree',0.0174532925199433]]</Process><Process ToolSource="C:\Program Files\ArcGIS\Desktop10.0\ArcToolbox\Toolboxes\Analysis Tools.tbx\Union" Date="20140127" Time="005821">Union "boundary1 #;555555 #" D:\test\GN\union.shp ALL # GAPS</Process><Process ToolSource="C:\Program Files\ArcGIS\Desktop10.0\ArcToolbox\Toolboxes\Data Management Tools.tbx\Merge" Date="20140130" Time="225138">Merge union;t2 D:\test\GN\union1.shp "FID_bounda "FID_bounda" true true false 9 Long 0 9 ,First,#,union,FID_bounda,-1,-1,t2,FID_bounda,-1,-1;Id "Id" true true false 6 Long 0 6 ,First,#,union,Id,-1,-1,t2,Id,-1,-1;area "area" true true false 19 Double 0 0 ,First,#,union,area,-1,-1,t2,AREA,-1,-1;FID_555555 "FID_555555" true true false 9 Long 0 9 ,First,#,union,FID_555555,-1,-1;FID_55555 "FID_55555" true true false 9 Long 0 9 ,First,#,union,FID_55555,-1,-1,t2,FID_55555,-1,-1;OBJECTID "OBJECTID" true true false 9 Long 0 9 ,First,#,union,OBJECTID,-1,-1,t2,OBJECTID,-1,-1;PROVINCE_N "PROVINCE_N" true true false 30 Text 0 0 ,First,#,union,PROVINCE_N,-1,-1,t2,PROVINCE_N,-1,-1;DISTRICT_N "DISTRICT_N" true true false 30 Text 0 0 ,First,#,union,DISTRICT_N,-1,-1,t2,DISTRICT_N,-1,-1;DSD_N "DSD_N" true true false 50 Text 0 0 ,First,#,union,DSD_N,-1,-1,t2,DSD_N,-1,-1;DSD_C "DSD_C" true true false 10 Text 0 0 ,First,#,union,DSD_C,-1,-1,t2,DSD_C,-1,-1;GND_N "GND_N" true true false 50 Text 0 0 ,First,#,union,GND_N,-1,-1,t2,GND_N,-1,-1;MC_UC_PS_N "MC_UC_PS_N" true true false 50 Text 0 0 ,First,#,union,MC_UC_PS_N,-1,-1,t2,MC_UC_PS_N,-1,-1;MC_UC_PS_C "MC_UC_PS_C" true true false 10 Text 0 0 ,First,#,union,MC_UC_PS_C,-1,-1,t2,MC_UC_PS_C,-1,-1;POLLI_DV_N "POLLI_DV_N" true true false 50 Text 0 0 ,First,#,union,POLLI_DV_N,-1,-1,t2,POLLI_DV_N,-1,-1;POLLI_DV_C "POLLI_DV_C" true true false 10 Text 0 0 ,First,#,union,POLLI_DV_C,-1,-1,t2,POLLI_DV_C,-1,-1;AREA_1 "AREA_1" true true false 19 Double 0 0 ,First,#,union,AREA_1,-1,-1;GND_NO "GND_NO" true true false 10 Text 0 0 ,First,#,union,GND_NO,-1,-1,t2,GND_NO,-1,-1;GND_C "GND_C" true true false 3 Text 0 0 ,First,#,union,GND_C,-1,-1,t2,GND_C,-1,-1;SECTOR_N "SECTOR_N" true true false 50 Text 0 0 ,First,#,union,SECTOR_N,-1,-1,t2,SECTOR_N,-1,-1;SECTOR_C "SECTOR_C" true true false 50 Text 0 0 ,First,#,union,SECTOR_C,-1,-1,t2,SECTOR_C,-1,-1;PROVINCE_C "PROVINCE_C" true true false 1 Text 0 0 ,First,#,union,PROVINCE_C,-1,-1,t2,PROVINCE_C,-1,-1;DISTRICT_C "DISTRICT_C" true true false 1 Text 0 0 ,First,#,union,DISTRICT_C,-1,-1,t2,DISTRICT_C,-1,-1;GN_UID "GN_UID" true true false 7 Text 0 0 ,First,#,union,GN_UID,-1,-1,t2,GN_UID,-1,-1;Shape_Leng "Shape_Leng" true true false 19 Double 0 0 ,First,#,union,Shape_Leng,-1,-1,t2,Shape_Leng,-1,-1;Shape_Area "Shape_Area" true true false 19 Double 0 0 ,First,#,union,Shape_Area,-1,-1,t2,Shape_Area,-1,-1;FID_boun_1 "FID_boun_1" true true false 9 Long 0 9 ,First,#,union,FID_boun_1,-1,-1;Id_1 "Id_1" true true false 6 Long 0 6 ,First,#,union,Id_1,-1,-1;DLO_NAME "DLO_NAME" true true false 50 Text 0 0 ,First,#,union,DLO_NAME,-1,-1,t2,DLO_NAME,-1,-1;DLO_CODE "DLO_CODE" true true false 4 Text 0 0 ,First,#,union,DLO_CODE,-1,-1,t2,DLO_CODE,-1,-1"</Process><Process ToolSource="C:\Program Files\ArcGIS\Desktop10.0\ArcToolbox\Toolboxes\Data Management Tools.tbx\Dissolve" Date="20140211" Time="231401">Dissolve union1 D:\test\GN\GNDs.shp PROVINCE_N;DISTRICT_N;DSD_N;DSD_C;GND_N;GND_NO;GND_C;PROVINCE_C;DISTRICT_C;GN_UID # MULTI_PART DISSOLVE_LINES</Process><Process ToolSource="C:\Program Files\ArcGIS\Desktop10.0\ArcToolbox\Toolboxes\Data Management Tools.tbx\Dissolve" Date="20140212" Time="010254">Dissolve GNDs D:\test\GN\dsd.shp PROVINCE_N;DISTRICT_N;DSD_N;DSD_C;PROVINCE_C;DISTRICT_C # MULTI_PART DISSOLVE_LINES</Process><Process ToolSource="C:\Program Files\ArcGIS\Desktop10.0\ArcToolbox\Toolboxes\Data Management Tools.tbx\CalculateField" Date="20150206" Time="115924">CalculateField dsd Average "[area] / [no_gnd]" VB #</Process><Process ToolSource="c:\program files (x86)\arcgis\desktop10.6\ArcToolbox\Toolboxes\Data Management Tools.tbx\Project" Date="20200205" Time="110454">Project dsd H:\GettingStarted\DSD_SL\DSD\SL_DSD_wgs.shp GEOGCS['GCS_WGS_1984',DATUM['D_WGS_1984',SPHEROID['WGS_1984',6378137.0,298.257223563]],PRIMEM['Greenwich',0.0],UNIT['Degree',0.0174532925199433]] Kandawala_To_WGS_1984 PROJCS['Kandawala_Ceylon_Belt_Meters',GEOGCS['GCS_Kandawala',DATUM['D_Kandawala',SPHEROID['Everest_Adjustment_1937',6377276.345,300.8017]],PRIMEM['Greenwich',0.0],UNIT['Degree',0.0174532925199433]],PROJECTION['Transverse_Mercator'],PARAMETER['False_Easting',200000.0],PARAMETER['False_Northing',200000.0],PARAMETER['Central_Meridian',80.77171111111112],PARAMETER['Scale_Factor',0.999924],PARAMETER['Latitude_Of_Origin',7.000480277777778],UNIT['Meter',1.0]] NO_PRESERVE_SHAPE # NO_VERTICAL</Process></lineage><copyHistory><copy source="L:\new\dsd2" dest="\\CPH40\D$\WEB\Map of Administrative Districts.mxd\map2013.08.29\shp2013.08.29\dsd2" date="20140212" time="14355200"></copy></copyHistory></DataProperties><SyncDate>20140212</SyncDate><SyncTime>01022400</SyncTime><ModDate>20140212</ModDate><ModTime>01022400</ModTime><ArcGISFormat>1.0</ArcGISFormat></Esri><dataIdInfo><envirDesc Sync="TRUE">Microsoft Windows Server 2008 R2 Version 6.1 (Build 7600) ; ESRI ArcGIS 10.0.0.2414</envirDesc><dataLang><languageCode value="eng" country="USA"></languageCode></dataLang><idCitation><resTitle Sync="TRUE">dsd</resTitle><presForm><PresFormCd value="005"></PresFormCd></presForm></idCitation><descKeys><thesaName uuidref="723f6998-058e-11dc-8314-0800200c9a66"></thesaName><keyword Sync="TRUE">002</keyword></descKeys><spatRpType><SpatRepTypCd value="001"></SpatRepTypCd></spatRpType></dataIdInfo><mdLang><languageCode value="eng"></languageCode></mdLang><mdChar><CharSetCd value="004"></CharSetCd></mdChar><distInfo><distFormat><formatName Sync="TRUE">Shapefile</formatName></distFormat><distTranOps><transSize Sync="TRUE">0.000</transSize></distTranOps></distInfo><mdHrLv><ScopeCd value="005"></ScopeCd></mdHrLv><mdHrLvName Sync="TRUE">dataset</mdHrLvName><refSysInfo><RefSystem><refSysID><identCode code="0"></identCode><idCodeSpace Sync="TRUE">EPSG</idCodeSpace><idVersion Sync="TRUE">7.4.1</idVersion></refSysID></RefSystem></refSysInfo><spdoinfo><ptvctinf><esriterm Name="dsd"><efeatyp Sync="TRUE">Simple</efeatyp><efeageom Sync="TRUE">4</efeageom><esritopo Sync="TRUE">FALSE</esritopo><efeacnt Sync="TRUE">0</efeacnt><spindex Sync="TRUE">FALSE</spindex><linrefer Sync="TRUE">TRUE</linrefer></esriterm></ptvctinf></spdoinfo><spatRepInfo><VectSpatRep><topLvl><TopoLevCd value="001"></TopoLevCd></topLvl><geometObjs><geoObjTyp><GeoObjTypCd value="002"></GeoObjTypCd><geoObjCnt Sync="TRUE">0</geoObjCnt></geoObjTyp></geometObjs></VectSpatRep></spatRepInfo><eainfo><detailed Name="dsd"><enttyp><enttypl Sync="TRUE">dsd</enttypl><enttypt Sync="TRUE">Feature Class</enttypt><enttypc Sync="TRUE">0</enttypc></enttyp><attr><attrlabl Sync="TRUE">FID</attrlabl><attalias Sync="TRUE">FID</attalias><attrtype Sync="TRUE">OID</attrtype><attwidth Sync="TRUE">4</attwidth><atprecis Sync="TRUE">0</atprecis><attscale Sync="TRUE">0</attscale><attrdef Sync="TRUE">Internal feature number.</attrdef><attrdefs Sync="TRUE">ESRI</attrdefs><attrdomv><udom Sync="TRUE">Sequential unique whole numbers that are automatically generated.</udom></attrdomv></attr><attr><attrlabl Sync="TRUE">Shape</attrlabl><attalias Sync="TRUE">Shape</attalias><attrtype Sync="TRUE">Geometry</attrtype><attwidth Sync="TRUE">0</attwidth><atprecis Sync="TRUE">0</atprecis><attscale Sync="TRUE">0</attscale><attrdef Sync="TRUE">Feature geometry.</attrdef><attrdefs Sync="TRUE">ESRI</attrdefs><attrdomv><udom Sync="TRUE">Coordinates defining the features.</udom></attrdomv></attr><attr><attrlabl Sync="TRUE">PROVINCE_N</attrlabl><attalias Sync="TRUE">PROVINCE_N</attalias><attrtype Sync="TRUE">String</attrtype><attwidth Sync="TRUE">30</attwidth><atprecis Sync="TRUE">0</atprecis><attscale Sync="TRUE">0</attscale></attr><attr><attrlabl Sync="TRUE">DISTRICT_N</attrlabl><attalias Sync="TRUE">DISTRICT_N</attalias><attrtype Sync="TRUE">String</attrtype><attwidth Sync="TRUE">30</attwidth><atprecis Sync="TRUE">0</atprecis><attscale Sync="TRUE">0</attscale></attr><attr><attrlabl Sync="TRUE">DSD_N</attrlabl><attalias Sync="TRUE">DSD_N</attalias><attrtype Sync="TRUE">String</attrtype><attwidth Sync="TRUE">50</attwidth><atprecis Sync="TRUE">0</atprecis><attscale Sync="TRUE">0</attscale></attr><attr><attrlabl Sync="TRUE">DSD_C</attrlabl><attalias Sync="TRUE">DSD_C</attalias><attrtype Sync="TRUE">String</attrtype><attwidth Sync="TRUE">10</attwidth><atprecis Sync="TRUE">0</atprecis><attscale Sync="TRUE">0</attscale></attr><attr><attrlabl Sync="TRUE">PROVINCE_C</attrlabl><attalias Sync="TRUE">PROVINCE_C</attalias><attrtype Sync="TRUE">String</attrtype><attwidth Sync="TRUE">1</attwidth><atprecis Sync="TRUE">0</atprecis><attscale Sync="TRUE">0</attscale></attr><attr><attrlabl Sync="TRUE">DISTRICT_C</attrlabl><attalias Sync="TRUE">DISTRICT_C</attalias><attrtype Sync="TRUE">String</attrtype><attwidth Sync="TRUE">1</attwidth><atprecis Sync="TRUE">0</atprecis><attscale Sync="TRUE">0</attscale></attr></detailed></eainfo><mdDateSt Sync="TRUE">20140212</mdDateSt></metadata>
